order_item_id,order_id,dish_id,dish_name,quantity,unit_price,subtotal,cost
OI001000_001,O001000,D0012,拍黄瓜,1,13.71,13.71,5.17
OI001000_002,O001000,D0033,柠檬水,1,29.07,29.07,10.18
OI001000_003,O001000,D0010,口水鸡,2,21.01,42.02,13.5
OI001000_004,O001000,D0028,可乐,3,50.33,150.99,67.08
OI001000_005,O001000,D0023,紫菜蛋花汤,2,36.96,73.92,33.22
OI001000_006,O001000,D0015,米饭,3,52.56,157.68,61.02
OI001001_007,O001001,D0009,凉拌黄瓜,1,30.24,30.24,11.4
OI001001_008,O001001,D0015,米饭,2,52.56,105.12,40.68
OI001001_009,O001001,D0011,夫妻肺片,1,29.36,29.36,12.84
OI001001_010,O001001,D0018,包子,1,78.11,78.11,24.44
OI001002_011,O001002,D0024,酸辣汤,2,48.76,97.52,26.16
OI001002_012,O001002,D0014,蒜泥白肉,2,29.6,59.2,25.76
OI001002_013,O001002,D0020,馒头,2,44.71,89.42,27.1
OI001003_014,O001003,D0032,咖啡,2,8.26,16.52,6.52
OI001003_015,O001003,D0035,蛋糕,1,31.88,31.88,12.04
OI001003_016,O001003,D0034,冰淇淋,2,48.61,97.22,26.38
OI001003_017,O001003,D0002,鱼香肉丝,2,41.81,83.62,25.56
OI001003_018,O001003,D0006,水煮鱼,3,31.45,94.35,35.46
OI001003_019,O001003,D0010,口水鸡,1,21.01,21.01,6.75
OI001004_020,O001004,D0036,布丁,2,23.91,47.82,15.54
OI001004_021,O001004,D0030,橙汁,3,68.07,204.21,82.44
OI001004_022,O001004,D0020,馒头,3,44.71,134.13,40.65
OI001005_023,O001005,D0001,宫保鸡丁,1,72.75,72.75,18.28
OI001006_024,O001006,D0013,凉拌木耳,2,66.33,132.66,37.5
OI001007_025,O001007,D0034,冰淇淋,1,48.61,48.61,13.19
OI001007_026,O001007,D0002,鱼香肉丝,1,41.81,41.81,12.78
OI001008_027,O001008,D0025,排骨汤,2,76.89,153.78,43.14
OI001008_028,O001008,D0011,夫妻肺片,3,29.36,88.08,38.52
OI001008_029,O001008,D0035,蛋糕,1,31.88,31.88,12.04
OI001008_030,O001008,D0017,炒饭,3,40.09,120.27,31.65
OI001008_031,O001008,D0039,红豆沙,1,9.56,9.56,4.17
OI001009_032,O001009,D0011,夫妻肺片,2,29.36,58.72,25.68
OI001009_033,O001009,D0026,鸡汤,2,71.37,142.74,47.74
OI001009_034,O001009,D0006,水煮鱼,1,31.45,31.45,11.82
OI001009_035,O001009,D0037,西米露,2,51.15,102.3,41.5
OI001009_036,O001009,D0023,紫菜蛋花汤,3,36.96,110.88,49.83
OI001010_037,O001010,D0038,双皮奶,3,81.48,244.44,90.39
OI001010_038,O001010,D0029,雪碧,1,62.42,62.42,17.04
OI001011_039,O001011,D0032,咖啡,3,8.26,24.78,9.78
OI001011_040,O001011,D0007,回锅肉,1,23.38,23.38,6.17
OI001012_041,O001012,D0009,凉拌黄瓜,2,30.24,60.48,22.8
OI001012_042,O001012,D0013,凉拌木耳,3,66.33,198.99,56.25
OI001012_043,O001012,D0011,夫妻肺片,3,29.36,88.08,38.52
OI001012_044,O001012,D0038,双皮奶,3,81.48,244.44,90.39
OI001013_045,O001013,D0001,宫保鸡丁,3,72.75,218.25,54.84
OI001013_046,O001013,D0027,豆腐汤,2,38.78,77.56,28.64
OI001013_047,O001013,D0008,小炒黄牛肉,2,86.82,173.64,73.12
OI001013_048,O001013,D0021,葱油饼,3,67.6,202.8,72.57
OI001013_049,O001013,D0012,拍黄瓜,1,13.71,13.71,5.17
OI001014_050,O001014,D0025,排骨汤,2,76.89,153.78,43.14
OI001014_051,O001014,D0022,番茄蛋汤,1,54.77,54.77,23.53
OI001014_052,O001014,D0012,拍黄瓜,1,13.71,13.71,5.17
OI001014_053,O001014,D0005,糖醋排骨,3,17.99,53.97,23.46
OI001014_054,O001014,D0031,奶茶,1,16.92,16.92,5.7
OI001014_055,O001014,D0007,回锅肉,1,23.38,23.38,6.17
OI001015_056,O001015,D0028,可乐,2,50.33,100.66,44.72
OI001015_057,O001015,D0015,米饭,2,52.56,105.12,40.68
OI001015_058,O001015,D0016,面条,2,26.32,52.64,13.5
OI001016_059,O001016,D0024,酸辣汤,3,48.76,146.28,39.24
OI001016_060,O001016,D0027,豆腐汤,2,38.78,77.56,28.64
OI001016_061,O001016,D0002,鱼香肉丝,3,41.81,125.43,38.34
OI001016_062,O001016,D0025,排骨汤,2,76.89,153.78,43.14
OI001016_063,O001016,D0015,米饭,3,52.56,157.68,61.02
OI001017_064,O001017,D0023,紫菜蛋花汤,1,36.96,36.96,16.61
OI001017_065,O001017,D0031,奶茶,3,16.92,50.76,17.1
OI001017_066,O001017,D0008,小炒黄牛肉,2,86.82,173.64,73.12
OI001017_067,O001017,D0010,口水鸡,3,21.01,63.03,20.25
OI001017_068,O001017,D0014,蒜泥白肉,1,29.6,29.6,12.88
OI001018_069,O001018,D0034,冰淇淋,2,48.61,97.22,26.38
OI001019_070,O001019,D0022,番茄蛋汤,2,54.77,109.54,47.06
OI001019_071,O001019,D0025,排骨汤,1,76.89,76.89,21.57
OI001019_072,O001019,D0018,包子,1,78.11,78.11,24.44
OI001020_073,O001020,D0038,双皮奶,2,81.48,162.96,60.26
OI001021_074,O001021,D0031,奶茶,3,16.92,50.76,17.1
OI001021_075,O001021,D0033,柠檬水,1,29.07,29.07,10.18
OI001022_076,O001022,D0014,蒜泥白肉,1,29.6,29.6,12.88
OI001022_077,O001022,D0001,宫保鸡丁,1,72.75,72.75,18.28
OI001022_078,O001022,D0011,夫妻肺片,3,29.36,88.08,38.52
OI001022_079,O001022,D0026,鸡汤,1,71.37,71.37,23.87
OI001023_080,O001023,D0018,包子,3,78.11,234.33,73.32
OI001023_081,O001023,D0003,麻婆豆腐,2,16.18,32.36,10.54
OI001024_082,O001024,D0022,番茄蛋汤,2,54.77,109.54,47.06
OI001025_083,O001025,D0026,鸡汤,1,71.37,71.37,23.87
OI001025_084,O001025,D0013,凉拌木耳,2,66.33,132.66,37.5
OI001026_085,O001026,D0013,凉拌木耳,3,66.33,198.99,56.25
OI001026_086,O001026,D0036,布丁,3,23.91,71.73,23.31
OI001026_087,O001026,D0009,凉拌黄瓜,1,30.24,30.24,11.4
OI001027_088,O001027,D0034,冰淇淋,1,48.61,48.61,13.19
OI001027_089,O001027,D0010,口水鸡,1,21.01,21.01,6.75
OI001027_090,O001027,D0029,雪碧,3,62.42,187.26,51.12
OI001027_091,O001027,D0006,水煮鱼,1,31.45,31.45,11.82
OI001027_092,O001027,D0009,凉拌黄瓜,2,30.24,60.48,22.8
OI001027_093,O001027,D0004,红烧肉,2,56.3,112.6,46.32
OI001028_094,O001028,D0037,西米露,2,51.15,102.3,41.5
OI001028_095,O001028,D0025,排骨汤,3,76.89,230.67,64.71
OI001028_096,O001028,D0018,包子,1,78.11,78.11,24.44
OI001029_097,O001029,D0037,西米露,2,51.15,102.3,41.5
OI001030_098,O001030,D0014,蒜泥白肉,3,29.6,88.8,38.64
OI001031_099,O001031,D0021,葱油饼,3,67.6,202.8,72.57
OI001031_100,O001031,D0033,柠檬水,2,29.07,58.14,20.36
OI001031_101,O001031,D0018,包子,1,78.11,78.11,24.44
OI001031_102,O001031,D0031,奶茶,1,16.92,16.92,5.7
OI001031_103,O001031,D0025,排骨汤,3,76.89,230.67,64.71
OI001032_104,O001032,D0015,米饭,1,52.56,52.56,20.34
OI001032_105,O001032,D0004,红烧肉,1,56.3,56.3,23.16
OI001032_106,O001032,D0018,包子,1,78.11,78.11,24.44
OI001032_107,O001032,D0026,鸡汤,1,71.37,71.37,23.87
OI001033_108,O001033,D0012,拍黄瓜,1,13.71,13.71,5.17
OI001034_109,O001034,D0039,红豆沙,2,9.56,19.12,8.34
OI001034_110,O001034,D0017,炒饭,1,40.09,40.09,10.55
OI001034_111,O001034,D0023,紫菜蛋花汤,1,36.96,36.96,16.61
OI001035_112,O001035,D0003,麻婆豆腐,1,16.18,16.18,5.27
OI001035_113,O001035,D0019,饺子,1,47.94,47.94,20.47
OI001035_114,O001035,D0008,小炒黄牛肉,1,86.82,86.82,36.56
OI001035_115,O001035,D0020,馒头,3,44.71,134.13,40.65
OI001035_116,O001035,D0027,豆腐汤,3,38.78,116.34,42.96
OI001035_117,O001035,D0034,冰淇淋,1,48.61,48.61,13.19
OI001036_118,O001036,D0018,包子,2,78.11,156.22,48.88
OI001036_119,O001036,D0039,红豆沙,2,9.56,19.12,8.34
OI001036_120,O001036,D0001,宫保鸡丁,3,72.75,218.25,54.84
OI001036_121,O001036,D0010,口水鸡,1,21.01,21.01,6.75
OI001036_122,O001036,D0011,夫妻肺片,3,29.36,88.08,38.52
OI001037_123,O001037,D0019,饺子,3,47.94,143.82,61.41
OI001038_124,O001038,D0022,番茄蛋汤,3,54.77,164.31,70.59
OI001038_125,O001038,D0027,豆腐汤,1,38.78,38.78,14.32
OI001038_126,O001038,D0020,馒头,2,44.71,89.42,27.1
OI001038_127,O001038,D0018,包子,2,78.11,156.22,48.88
OI001038_128,O001038,D0023,紫菜蛋花汤,3,36.96,110.88,49.83
OI001038_129,O001038,D0002,鱼香肉丝,3,41.81,125.43,38.34
OI001039_130,O001039,D0030,橙汁,2,68.07,136.14,54.96
OI001039_131,O001039,D0026,鸡汤,1,71.37,71.37,23.87
OI001039_132,O001039,D0002,鱼香肉丝,1,41.81,41.81,12.78
OI001039_133,O001039,D0023,紫菜蛋花汤,2,36.96,73.92,33.22
OI001040_134,O001040,D0004,红烧肉,1,56.3,56.3,23.16
OI001040_135,O001040,D0008,小炒黄牛肉,2,86.82,173.64,73.12
OI001041_136,O001041,D0024,酸辣汤,1,48.76,48.76,13.08
OI001041_137,O001041,D0016,面条,1,26.32,26.32,6.75
OI001041_138,O001041,D0019,饺子,2,47.94,95.88,40.94
OI001041_139,O001041,D0023,紫菜蛋花汤,2,36.96,73.92,33.22
OI001041_140,O001041,D0014,蒜泥白肉,1,29.6,29.6,12.88
OI001041_141,O001041,D0030,橙汁,3,68.07,204.21,82.44
OI001042_142,O001042,D0030,橙汁,3,68.07,204.21,82.44
OI001042_143,O001042,D0027,豆腐汤,3,38.78,116.34,42.96
OI001043_144,O001043,D0010,口水鸡,3,21.01,63.03,20.25
OI001043_145,O001043,D0016,面条,2,26.32,52.64,13.5
OI001043_146,O001043,D0021,葱油饼,3,67.6,202.8,72.57
OI001043_147,O001043,D0022,番茄蛋汤,3,54.77,164.31,70.59
OI001043_148,O001043,D0017,炒饭,2,40.09,80.18,21.1
OI001044_149,O001044,D0018,包子,3,78.11,234.33,73.32
OI001044_150,O001044,D0039,红豆沙,3,9.56,28.68,12.51
OI001044_151,O001044,D0028,可乐,2,50.33,100.66,44.72
OI001045_152,O001045,D0016,面条,1,26.32,26.32,6.75
OI001045_153,O001045,D0039,红豆沙,1,9.56,9.56,4.17
OI001045_154,O001045,D0004,红烧肉,1,56.3,56.3,23.16
OI001045_155,O001045,D0024,酸辣汤,2,48.76,97.52,26.16
OI001045_156,O001045,D0018,包子,1,78.11,78.11,24.44
OI001046_157,O001046,D0024,酸辣汤,2,48.76,97.52,26.16
OI001047_158,O001047,D0033,柠檬水,2,29.07,58.14,20.36
OI001047_159,O001047,D0015,米饭,3,52.56,157.68,61.02
OI001047_160,O001047,D0020,馒头,1,44.71,44.71,13.55
OI001047_161,O001047,D0006,水煮鱼,3,31.45,94.35,35.46
OI001047_162,O001047,D0018,包子,3,78.11,234.33,73.32
OI001048_163,O001048,D0009,凉拌黄瓜,2,30.24,60.48,22.8
OI001048_164,O001048,D0004,红烧肉,3,56.3,168.9,69.48
OI001048_165,O001048,D0008,小炒黄牛肉,3,86.82,260.46,109.68
OI001048_166,O001048,D0021,葱油饼,1,67.6,67.6,24.19
OI001049_167,O001049,D0029,雪碧,3,62.42,187.26,51.12
OI001049_168,O001049,D0035,蛋糕,3,31.88,95.64,36.12
OI001049_169,O001049,D0023,紫菜蛋花汤,2,36.96,73.92,33.22
OI001049_170,O001049,D0025,排骨汤,3,76.89,230.67,64.71
OI001049_171,O001049,D0002,鱼香肉丝,3,41.81,125.43,38.34
OI001049_172,O001049,D0031,奶茶,2,16.92,33.84,11.4
OI001050_173,O001050,D0016,面条,1,26.32,26.32,6.75
OI001050_174,O001050,D0031,奶茶,3,16.92,50.76,17.1
OI001050_175,O001050,D0020,馒头,3,44.71,134.13,40.65
OI001050_176,O001050,D0026,鸡汤,1,71.37,71.37,23.87
OI001050_177,O001050,D0004,红烧肉,3,56.3,168.9,69.48
OI001050_178,O001050,D0027,豆腐汤,3,38.78,116.34,42.96
OI001051_179,O001051,D0002,鱼香肉丝,3,41.81,125.43,38.34
OI001051_180,O001051,D0001,宫保鸡丁,3,72.75,218.25,54.84
OI001051_181,O001051,D0037,西米露,3,51.15,153.45,62.25
OI001051_182,O001051,D0016,面条,2,26.32,52.64,13.5
OI001052_183,O001052,D0032,咖啡,2,8.26,16.52,6.52
OI001052_184,O001052,D0005,糖醋排骨,3,17.99,53.97,23.46
OI001053_185,O001053,D0012,拍黄瓜,3,13.71,41.13,15.51
OI001053_186,O001053,D0002,鱼香肉丝,3,41.81,125.43,38.34
OI001053_187,O001053,D0022,番茄蛋汤,3,54.77,164.31,70.59
OI001053_188,O001053,D0003,麻婆豆腐,1,16.18,16.18,5.27
OI001053_189,O001053,D0031,奶茶,3,16.92,50.76,17.1
OI001054_190,O001054,D0014,蒜泥白肉,2,29.6,59.2,25.76
OI001054_191,O001054,D0009,凉拌黄瓜,2,30.24,60.48,22.8
OI001054_192,O001054,D0006,水煮鱼,3,31.45,94.35,35.46
OI001054_193,O001054,D0011,夫妻肺片,2,29.36,58.72,25.68
OI001055_194,O001055,D0002,鱼香肉丝,3,41.81,125.43,38.34
OI001055_195,O001055,D0021,葱油饼,3,67.6,202.8,72.57
OI001056_196,O001056,D0016,面条,3,26.32,78.96,20.25
OI001056_197,O001056,D0021,葱油饼,3,67.6,202.8,72.57
OI001057_198,O001057,D0004,红烧肉,1,56.3,56.3,23.16
OI001057_199,O001057,D0032,咖啡,2,8.26,16.52,6.52
OI001057_200,O001057,D0009,凉拌黄瓜,2,30.24,60.48,22.8
OI001058_201,O001058,D0038,双皮奶,2,81.48,162.96,60.26
OI001058_202,O001058,D0007,回锅肉,2,23.38,46.76,12.34
OI001058_203,O001058,D0029,雪碧,3,62.42,187.26,51.12
OI001058_204,O001058,D0005,糖醋排骨,3,17.99,53.97,23.46
OI001058_205,O001058,D0027,豆腐汤,2,38.78,77.56,28.64
OI001058_206,O001058,D0006,水煮鱼,1,31.45,31.45,11.82
OI001059_207,O001059,D0016,面条,2,26.32,52.64,13.5
OI001059_208,O001059,D0038,双皮奶,1,81.48,81.48,30.13
OI001059_209,O001059,D0024,酸辣汤,2,48.76,97.52,26.16
OI001059_210,O001059,D0033,柠檬水,1,29.07,29.07,10.18
OI001059_211,O001059,D0002,鱼香肉丝,1,41.81,41.81,12.78
OI001060_212,O001060,D0032,咖啡,1,8.26,8.26,3.26
OI001060_213,O001060,D0003,麻婆豆腐,1,16.18,16.18,5.27
OI001060_214,O001060,D0035,蛋糕,3,31.88,95.64,36.12
OI001060_215,O001060,D0001,宫保鸡丁,2,72.75,145.5,36.56
OI001060_216,O001060,D0039,红豆沙,2,9.56,19.12,8.34
OI001060_217,O001060,D0028,可乐,1,50.33,50.33,22.36
OI001061_218,O001061,D0016,面条,2,26.32,52.64,13.5
OI001061_219,O001061,D0020,馒头,3,44.71,134.13,40.65
OI001061_220,O001061,D0030,橙汁,3,68.07,204.21,82.44
OI001061_221,O001061,D0039,红豆沙,2,9.56,19.12,8.34
OI001062_222,O001062,D0013,凉拌木耳,2,66.33,132.66,37.5
OI001062_223,O001062,D0020,馒头,3,44.71,134.13,40.65
OI001063_224,O001063,D0026,鸡汤,1,71.37,71.37,23.87
OI001063_225,O001063,D0022,番茄蛋汤,3,54.77,164.31,70.59
OI001063_226,O001063,D0006,水煮鱼,2,31.45,62.9,23.64
OI001063_227,O001063,D0033,柠檬水,1,29.07,29.07,10.18
OI001063_228,O001063,D0035,蛋糕,1,31.88,31.88,12.04
OI001063_229,O001063,D0003,麻婆豆腐,3,16.18,48.54,15.81
OI001064_230,O001064,D0015,米饭,1,52.56,52.56,20.34
OI001065_231,O001065,D0039,红豆沙,2,9.56,19.12,8.34
OI001065_232,O001065,D0021,葱油饼,1,67.6,67.6,24.19
OI001065_233,O001065,D0009,凉拌黄瓜,2,30.24,60.48,22.8
OI001065_234,O001065,D0004,红烧肉,3,56.3,168.9,69.48
OI001066_235,O001066,D0033,柠檬水,3,29.07,87.21,30.54
OI001066_236,O001066,D0023,紫菜蛋花汤,1,36.96,36.96,16.61
OI001066_237,O001066,D0034,冰淇淋,2,48.61,97.22,26.38
OI001067_238,O001067,D0011,夫妻肺片,3,29.36,88.08,38.52
OI001067_239,O001067,D0002,鱼香肉丝,1,41.81,41.81,12.78
OI001068_240,O001068,D0012,拍黄瓜,3,13.71,41.13,15.51
OI001068_241,O001068,D0021,葱油饼,2,67.6,135.2,48.38
OI001068_242,O001068,D0015,米饭,1,52.56,52.56,20.34
OI001068_243,O001068,D0019,饺子,3,47.94,143.82,61.41
OI001068_244,O001068,D0029,雪碧,3,62.42,187.26,51.12
OI001068_245,O001068,D0004,红烧肉,1,56.3,56.3,23.16
OI001069_246,O001069,D0009,凉拌黄瓜,1,30.24,30.24,11.4
OI001069_247,O001069,D0025,排骨汤,3,76.89,230.67,64.71
OI001069_248,O001069,D0019,饺子,3,47.94,143.82,61.41
OI001070_249,O001070,D0031,奶茶,1,16.92,16.92,5.7
OI001070_250,O001070,D0029,雪碧,1,62.42,62.42,17.04
OI001071_251,O001071,D0035,蛋糕,1,31.88,31.88,12.04
OI001071_252,O001071,D0009,凉拌黄瓜,1,30.24,30.24,11.4
OI001071_253,O001071,D0003,麻婆豆腐,3,16.18,48.54,15.81
OI001072_254,O001072,D0019,饺子,1,47.94,47.94,20.47
OI001072_255,O001072,D0037,西米露,1,51.15,51.15,20.75
OI001072_256,O001072,D0013,凉拌木耳,2,66.33,132.66,37.5
OI001072_257,O001072,D0009,凉拌黄瓜,2,30.24,60.48,22.8
OI001072_258,O001072,D0021,葱油饼,2,67.6,135.2,48.38
OI001073_259,O001073,D0007,回锅肉,1,23.38,23.38,6.17
OI001073_260,O001073,D0023,紫菜蛋花汤,1,36.96,36.96,16.61
OI001073_261,O001073,D0032,咖啡,2,8.26,16.52,6.52
OI001073_262,O001073,D0034,冰淇淋,1,48.61,48.61,13.19
OI001074_263,O001074,D0037,西米露,2,51.15,102.3,41.5
OI001074_264,O001074,D0029,雪碧,2,62.42,124.84,34.08
OI001074_265,O001074,D0031,奶茶,2,16.92,33.84,11.4
OI001074_266,O001074,D0005,糖醋排骨,2,17.99,35.98,15.64
OI001075_267,O001075,D0030,橙汁,2,68.07,136.14,54.96
OI001075_268,O001075,D0002,鱼香肉丝,3,41.81,125.43,38.34
OI001076_269,O001076,D0036,布丁,1,23.91,23.91,7.77
OI001076_270,O001076,D0010,口水鸡,1,21.01,21.01,6.75
OI001076_271,O001076,D0003,麻婆豆腐,3,16.18,48.54,15.81
OI001076_272,O001076,D0028,可乐,2,50.33,100.66,44.72
OI001076_273,O001076,D0017,炒饭,3,40.09,120.27,31.65
OI001077_274,O001077,D0032,咖啡,1,8.26,8.26,3.26
OI001077_275,O001077,D0033,柠檬水,2,29.07,58.14,20.36
OI001077_276,O001077,D0007,回锅肉,3,23.38,70.14,18.51
OI001078_277,O001078,D0003,麻婆豆腐,3,16.18,48.54,15.81
OI001078_278,O001078,D0033,柠檬水,1,29.07,29.07,10.18
OI001078_279,O001078,D0017,炒饭,3,40.09,120.27,31.65
OI001078_280,O001078,D0014,蒜泥白肉,1,29.6,29.6,12.88
OI001078_281,O001078,D0006,水煮鱼,2,31.45,62.9,23.64
OI001079_282,O001079,D0001,宫保鸡丁,2,72.75,145.5,36.56
OI001079_283,O001079,D0017,炒饭,1,40.09,40.09,10.55
OI001079_284,O001079,D0038,双皮奶,1,81.48,81.48,30.13
OI001079_285,O001079,D0037,西米露,2,51.15,102.3,41.5
OI001080_286,O001080,D0006,水煮鱼,2,31.45,62.9,23.64
OI001080_287,O001080,D0027,豆腐汤,2,38.78,77.56,28.64
OI001080_288,O001080,D0003,麻婆豆腐,2,16.18,32.36,10.54
OI001081_289,O001081,D0018,包子,2,78.11,156.22,48.88
OI001081_290,O001081,D0017,炒饭,3,40.09,120.27,31.65
OI001081_291,O001081,D0003,麻婆豆腐,3,16.18,48.54,15.81
OI001081_292,O001081,D0011,夫妻肺片,3,29.36,88.08,38.52
OI001081_293,O001081,D0021,葱油饼,1,67.6,67.6,24.19
OI001081_294,O001081,D0005,糖醋排骨,2,17.99,35.98,15.64
OI001082_295,O001082,D0032,咖啡,3,8.26,24.78,9.78
OI001082_296,O001082,D0013,凉拌木耳,2,66.33,132.66,37.5
OI001083_297,O001083,D0021,葱油饼,1,67.6,67.6,24.19
OI001083_298,O001083,D0002,鱼香肉丝,1,41.81,41.81,12.78
OI001084_299,O001084,D0019,饺子,3,47.94,143.82,61.41
OI001085_300,O001085,D0019,饺子,2,47.94,95.88,40.94
OI001085_301,O001085,D0012,拍黄瓜,1,13.71,13.71,5.17
OI001085_302,O001085,D0022,番茄蛋汤,1,54.77,54.77,23.53
OI001085_303,O001085,D0034,冰淇淋,1,48.61,48.61,13.19
OI001085_304,O001085,D0039,红豆沙,1,9.56,9.56,4.17
OI001085_305,O001085,D0025,排骨汤,3,76.89,230.67,64.71
OI001086_306,O001086,D0011,夫妻肺片,3,29.36,88.08,38.52
OI001086_307,O001086,D0003,麻婆豆腐,2,16.18,32.36,10.54
OI001087_308,O001087,D0035,蛋糕,1,31.88,31.88,12.04
OI001087_309,O001087,D0027,豆腐汤,1,38.78,38.78,14.32
OI001087_310,O001087,D0021,葱油饼,2,67.6,135.2,48.38
OI001087_311,O001087,D0016,面条,3,26.32,78.96,20.25
OI001088_312,O001088,D0012,拍黄瓜,3,13.71,41.13,15.51
OI001088_313,O001088,D0033,柠檬水,3,29.07,87.21,30.54
OI001088_314,O001088,D0003,麻婆豆腐,1,16.18,16.18,5.27
OI001088_315,O001088,D0004,红烧肉,1,56.3,56.3,23.16
OI001089_316,O001089,D0027,豆腐汤,2,38.78,77.56,28.64
OI001089_317,O001089,D0007,回锅肉,1,23.38,23.38,6.17
OI001089_318,O001089,D0012,拍黄瓜,3,13.71,41.13,15.51
OI001089_319,O001089,D0024,酸辣汤,1,48.76,48.76,13.08
OI001089_320,O001089,D0020,馒头,1,44.71,44.71,13.55
OI001089_321,O001089,D0025,排骨汤,2,76.89,153.78,43.14
OI001090_322,O001090,D0015,米饭,3,52.56,157.68,61.02
OI001090_323,O001090,D0011,夫妻肺片,1,29.36,29.36,12.84
OI001090_324,O001090,D0014,蒜泥白肉,3,29.6,88.8,38.64
OI001090_325,O001090,D0025,排骨汤,3,76.89,230.67,64.71
OI001090_326,O001090,D0002,鱼香肉丝,2,41.81,83.62,25.56
OI001091_327,O001091,D0022,番茄蛋汤,2,54.77,109.54,47.06
OI001091_328,O001091,D0029,雪碧,2,62.42,124.84,34.08
OI001091_329,O001091,D0012,拍黄瓜,3,13.71,41.13,15.51
OI001091_330,O001091,D0014,蒜泥白肉,3,29.6,88.8,38.64
OI001092_331,O001092,D0031,奶茶,3,16.92,50.76,17.1
OI001092_332,O001092,D0030,橙汁,3,68.07,204.21,82.44
OI001092_333,O001092,D0006,水煮鱼,2,31.45,62.9,23.64
OI001093_334,O001093,D0037,西米露,1,51.15,51.15,20.75
OI001093_335,O001093,D0003,麻婆豆腐,3,16.18,48.54,15.81
OI001093_336,O001093,D0019,饺子,2,47.94,95.88,40.94
OI001093_337,O001093,D0031,奶茶,2,16.92,33.84,11.4
OI001093_338,O001093,D0017,炒饭,2,40.09,80.18,21.1
OI001093_339,O001093,D0032,咖啡,1,8.26,8.26,3.26
OI001094_340,O001094,D0035,蛋糕,2,31.88,63.76,24.08
OI001094_341,O001094,D0032,咖啡,3,8.26,24.78,9.78
OI001094_342,O001094,D0002,鱼香肉丝,2,41.81,83.62,25.56
OI001094_343,O001094,D0015,米饭,1,52.56,52.56,20.34
OI001094_344,O001094,D0021,葱油饼,2,67.6,135.2,48.38
OI001095_345,O001095,D0010,口水鸡,2,21.01,42.02,13.5
OI001095_346,O001095,D0008,小炒黄牛肉,3,86.82,260.46,109.68
OI001095_347,O001095,D0038,双皮奶,2,81.48,162.96,60.26
OI001095_348,O001095,D0009,凉拌黄瓜,3,30.24,90.72,34.2
OI001095_349,O001095,D0032,咖啡,1,8.26,8.26,3.26
OI001096_350,O001096,D0025,排骨汤,3,76.89,230.67,64.71
OI001096_351,O001096,D0001,宫保鸡丁,3,72.75,218.25,54.84
OI001096_352,O001096,D0008,小炒黄牛肉,3,86.82,260.46,109.68
OI001097_353,O001097,D0026,鸡汤,2,71.37,142.74,47.74
OI001097_354,O001097,D0036,布丁,1,23.91,23.91,7.77
OI001097_355,O001097,D0035,蛋糕,1,31.88,31.88,12.04
OI001097_356,O001097,D0020,馒头,2,44.71,89.42,27.1
OI001097_357,O001097,D0039,红豆沙,1,9.56,9.56,4.17
OI001098_358,O001098,D0039,红豆沙,3,9.56,28.68,12.51
OI001098_359,O001098,D0016,面条,2,26.32,52.64,13.5
OI001098_360,O001098,D0036,布丁,3,23.91,71.73,23.31
OI001098_361,O001098,D0028,可乐,3,50.33,150.99,67.08
OI001098_362,O001098,D0030,橙汁,1,68.07,68.07,27.48
OI001098_363,O001098,D0013,凉拌木耳,1,66.33,66.33,18.75
OI001099_364,O001099,D0005,糖醋排骨,3,17.99,53.97,23.46
OI001099_365,O001099,D0001,宫保鸡丁,3,72.75,218.25,54.84
OI001099_366,O001099,D0012,拍黄瓜,1,13.71,13.71,5.17
OI001099_367,O001099,D0037,西米露,3,51.15,153.45,62.25
OI001099_368,O001099,D0027,豆腐汤,1,38.78,38.78,14.32
OI001100_369,O001100,D0037,西米露,2,51.15,102.3,41.5
OI001100_370,O001100,D0011,夫妻肺片,3,29.36,88.08,38.52
OI001100_371,O001100,D0033,柠檬水,2,29.07,58.14,20.36
OI001100_372,O001100,D0009,凉拌黄瓜,2,30.24,60.48,22.8
OI001101_373,O001101,D0036,布丁,3,23.91,71.73,23.31
OI001101_374,O001101,D0025,排骨汤,3,76.89,230.67,64.71
OI001101_375,O001101,D0003,麻婆豆腐,3,16.18,48.54,15.81
OI001102_376,O001102,D0008,小炒黄牛肉,2,86.82,173.64,73.12
OI001103_377,O001103,D0033,柠檬水,2,29.07,58.14,20.36
OI001103_378,O001103,D0038,双皮奶,3,81.48,244.44,90.39
OI001103_379,O001103,D0011,夫妻肺片,3,29.36,88.08,38.52
OI001103_380,O001103,D0036,布丁,2,23.91,47.82,15.54
OI001103_381,O001103,D0017,炒饭,3,40.09,120.27,31.65
OI001104_382,O001104,D0003,麻婆豆腐,2,16.18,32.36,10.54
OI001105_383,O001105,D0006,水煮鱼,2,31.45,62.9,23.64
OI001105_384,O001105,D0038,双皮奶,3,81.48,244.44,90.39
OI001105_385,O001105,D0033,柠檬水,3,29.07,87.21,30.54
OI001105_386,O001105,D0005,糖醋排骨,1,17.99,17.99,7.82
OI001106_387,O001106,D0029,雪碧,2,62.42,124.84,34.08
OI001106_388,O001106,D0017,炒饭,2,40.09,80.18,21.1
OI001107_389,O001107,D0008,小炒黄牛肉,3,86.82,260.46,109.68
OI001107_390,O001107,D0023,紫菜蛋花汤,1,36.96,36.96,16.61
OI001107_391,O001107,D0002,鱼香肉丝,1,41.81,41.81,12.78
OI001107_392,O001107,D0032,咖啡,3,8.26,24.78,9.78
OI001108_393,O001108,D0023,紫菜蛋花汤,1,36.96,36.96,16.61
OI001109_394,O001109,D0020,馒头,2,44.71,89.42,27.1
OI001109_395,O001109,D0028,可乐,3,50.33,150.99,67.08
OI001109_396,O001109,D0025,排骨汤,2,76.89,153.78,43.14
OI001110_397,O001110,D0031,奶茶,2,16.92,33.84,11.4
OI001110_398,O001110,D0035,蛋糕,2,31.88,63.76,24.08
OI001110_399,O001110,D0027,豆腐汤,3,38.78,116.34,42.96
OI001110_400,O001110,D0024,酸辣汤,1,48.76,48.76,13.08
OI001110_401,O001110,D0026,鸡汤,3,71.37,214.11,71.61
OI001111_402,O001111,D0039,红豆沙,1,9.56,9.56,4.17
OI001112_403,O001112,D0019,饺子,2,47.94,95.88,40.94
OI001112_404,O001112,D0018,包子,2,78.11,156.22,48.88
OI001113_405,O001113,D0029,雪碧,2,62.42,124.84,34.08
OI001113_406,O001113,D0028,可乐,2,50.33,100.66,44.72
OI001113_407,O001113,D0027,豆腐汤,2,38.78,77.56,28.64
OI001114_408,O001114,D0013,凉拌木耳,1,66.33,66.33,18.75
OI001114_409,O001114,D0016,面条,3,26.32,78.96,20.25
OI001114_410,O001114,D0021,葱油饼,2,67.6,135.2,48.38
OI001115_411,O001115,D0016,面条,3,26.32,78.96,20.25
OI001115_412,O001115,D0028,可乐,3,50.33,150.99,67.08
OI001116_413,O001116,D0030,橙汁,3,68.07,204.21,82.44
OI001117_414,O001117,D0030,橙汁,2,68.07,136.14,54.96
OI001117_415,O001117,D0033,柠檬水,3,29.07,87.21,30.54
OI001117_416,O001117,D0004,红烧肉,3,56.3,168.9,69.48
OI001118_417,O001118,D0036,布丁,3,23.91,71.73,23.31
OI001118_418,O001118,D0024,酸辣汤,3,48.76,146.28,39.24
OI001118_419,O001118,D0032,咖啡,3,8.26,24.78,9.78
OI001118_420,O001118,D0035,蛋糕,3,31.88,95.64,36.12
OI001118_421,O001118,D0033,柠檬水,1,29.07,29.07,10.18
OI001119_422,O001119,D0005,糖醋排骨,2,17.99,35.98,15.64
OI001119_423,O001119,D0007,回锅肉,3,23.38,70.14,18.51
OI001119_424,O001119,D0033,柠檬水,1,29.07,29.07,10.18
OI001120_425,O001120,D0014,蒜泥白肉,1,29.6,29.6,12.88
OI001121_426,O001121,D0027,豆腐汤,2,38.78,77.56,28.64
OI001121_427,O001121,D0019,饺子,2,47.94,95.88,40.94
OI001121_428,O001121,D0030,橙汁,3,68.07,204.21,82.44
OI001122_429,O001122,D0033,柠檬水,2,29.07,58.14,20.36
OI001122_430,O001122,D0027,豆腐汤,3,38.78,116.34,42.96
OI001122_431,O001122,D0028,可乐,3,50.33,150.99,67.08
OI001122_432,O001122,D0012,拍黄瓜,3,13.71,41.13,15.51
OI001122_433,O001122,D0008,小炒黄牛肉,1,86.82,86.82,36.56
OI001122_434,O001122,D0031,奶茶,1,16.92,16.92,5.7
OI001123_435,O001123,D0003,麻婆豆腐,2,16.18,32.36,10.54
OI001124_436,O001124,D0035,蛋糕,1,31.88,31.88,12.04
OI001124_437,O001124,D0008,小炒黄牛肉,1,86.82,86.82,36.56
OI001124_438,O001124,D0019,饺子,3,47.94,143.82,61.41
OI001125_439,O001125,D0015,米饭,2,52.56,105.12,40.68
OI001125_440,O001125,D0003,麻婆豆腐,2,16.18,32.36,10.54
OI001125_441,O001125,D0019,饺子,3,47.94,143.82,61.41
OI001126_442,O001126,D0034,冰淇淋,3,48.61,145.83,39.57
OI001126_443,O001126,D0035,蛋糕,3,31.88,95.64,36.12
OI001126_444,O001126,D0021,葱油饼,2,67.6,135.2,48.38
OI001126_445,O001126,D0004,红烧肉,3,56.3,168.9,69.48
OI001126_446,O001126,D0027,豆腐汤,3,38.78,116.34,42.96
OI001126_447,O001126,D0014,蒜泥白肉,3,29.6,88.8,38.64
OI001127_448,O001127,D0018,包子,2,78.11,156.22,48.88
OI001127_449,O001127,D0036,布丁,1,23.91,23.91,7.77
OI001127_450,O001127,D0030,橙汁,2,68.07,136.14,54.96
OI001127_451,O001127,D0035,蛋糕,1,31.88,31.88,12.04
OI001128_452,O001128,D0022,番茄蛋汤,2,54.77,109.54,47.06
OI001128_453,O001128,D0038,双皮奶,1,81.48,81.48,30.13
OI001128_454,O001128,D0034,冰淇淋,2,48.61,97.22,26.38
OI001128_455,O001128,D0029,雪碧,2,62.42,124.84,34.08
OI001129_456,O001129,D0005,糖醋排骨,1,17.99,17.99,7.82
OI001129_457,O001129,D0025,排骨汤,1,76.89,76.89,21.57
OI001129_458,O001129,D0021,葱油饼,3,67.6,202.8,72.57
OI001129_459,O001129,D0027,豆腐汤,3,38.78,116.34,42.96
OI001130_460,O001130,D0037,西米露,3,51.15,153.45,62.25
OI001130_461,O001130,D0033,柠檬水,3,29.07,87.21,30.54
OI001130_462,O001130,D0036,布丁,2,23.91,47.82,15.54
OI001130_463,O001130,D0001,宫保鸡丁,2,72.75,145.5,36.56
OI001130_464,O001130,D0021,葱油饼,3,67.6,202.8,72.57
OI001131_465,O001131,D0029,雪碧,3,62.42,187.26,51.12
OI001131_466,O001131,D0008,小炒黄牛肉,2,86.82,173.64,73.12
OI001131_467,O001131,D0005,糖醋排骨,2,17.99,35.98,15.64
OI001131_468,O001131,D0013,凉拌木耳,3,66.33,198.99,56.25
OI001132_469,O001132,D0024,酸辣汤,1,48.76,48.76,13.08
OI001132_470,O001132,D0014,蒜泥白肉,2,29.6,59.2,25.76
OI001133_471,O001133,D0027,豆腐汤,2,38.78,77.56,28.64
OI001133_472,O001133,D0018,包子,2,78.11,156.22,48.88
OI001133_473,O001133,D0017,炒饭,2,40.09,80.18,21.1
OI001134_474,O001134,D0027,豆腐汤,2,38.78,77.56,28.64
OI001134_475,O001134,D0001,宫保鸡丁,1,72.75,72.75,18.28
OI001134_476,O001134,D0038,双皮奶,3,81.48,244.44,90.39
OI001135_477,O001135,D0013,凉拌木耳,2,66.33,132.66,37.5
OI001135_478,O001135,D0014,蒜泥白肉,1,29.6,29.6,12.88
OI001135_479,O001135,D0017,炒饭,3,40.09,120.27,31.65
OI001135_480,O001135,D0027,豆腐汤,1,38.78,38.78,14.32
OI001136_481,O001136,D0034,冰淇淋,1,48.61,48.61,13.19
OI001136_482,O001136,D0014,蒜泥白肉,3,29.6,88.8,38.64
OI001136_483,O001136,D0033,柠檬水,3,29.07,87.21,30.54
OI001137_484,O001137,D0008,小炒黄牛肉,1,86.82,86.82,36.56
OI001137_485,O001137,D0029,雪碧,1,62.42,62.42,17.04
OI001137_486,O001137,D0001,宫保鸡丁,1,72.75,72.75,18.28
OI001137_487,O001137,D0012,拍黄瓜,3,13.71,41.13,15.51
OI001137_488,O001137,D0033,柠檬水,2,29.07,58.14,20.36
OI001137_489,O001137,D0030,橙汁,2,68.07,136.14,54.96
OI001138_490,O001138,D0024,酸辣汤,3,48.76,146.28,39.24
OI001139_491,O001139,D0035,蛋糕,3,31.88,95.64,36.12
OI001139_492,O001139,D0034,冰淇淋,1,48.61,48.61,13.19
OI001139_493,O001139,D0006,水煮鱼,1,31.45,31.45,11.82
OI001140_494,O001140,D0017,炒饭,2,40.09,80.18,21.1
OI001140_495,O001140,D0027,豆腐汤,2,38.78,77.56,28.64
OI001140_496,O001140,D0007,回锅肉,3,23.38,70.14,18.51
OI001140_497,O001140,D0028,可乐,1,50.33,50.33,22.36
OI001140_498,O001140,D0033,柠檬水,1,29.07,29.07,10.18
OI001140_499,O001140,D0016,面条,3,26.32,78.96,20.25
OI001141_500,O001141,D0034,冰淇淋,3,48.61,145.83,39.57
OI001141_501,O001141,D0021,葱油饼,2,67.6,135.2,48.38
OI001141_502,O001141,D0031,奶茶,1,16.92,16.92,5.7
OI001141_503,O001141,D0025,排骨汤,3,76.89,230.67,64.71
OI001141_504,O001141,D0019,饺子,1,47.94,47.94,20.47
OI001142_505,O001142,D0032,咖啡,1,8.26,8.26,3.26
OI001142_506,O001142,D0030,橙汁,2,68.07,136.14,54.96
OI001142_507,O001142,D0012,拍黄瓜,2,13.71,27.42,10.34
OI001142_508,O001142,D0021,葱油饼,2,67.6,135.2,48.38
OI001142_509,O001142,D0018,包子,3,78.11,234.33,73.32
OI001143_510,O001143,D0006,水煮鱼,3,31.45,94.35,35.46
OI001143_511,O001143,D0013,凉拌木耳,1,66.33,66.33,18.75
OI001143_512,O001143,D0039,红豆沙,2,9.56,19.12,8.34
OI001144_513,O001144,D0004,红烧肉,2,56.3,112.6,46.32
OI001144_514,O001144,D0024,酸辣汤,2,48.76,97.52,26.16
OI001144_515,O001144,D0020,馒头,3,44.71,134.13,40.65
OI001145_516,O001145,D0008,小炒黄牛肉,1,86.82,86.82,36.56
OI001145_517,O001145,D0018,包子,1,78.11,78.11,24.44
OI001146_518,O001146,D0033,柠檬水,3,29.07,87.21,30.54
OI001146_519,O001146,D0023,紫菜蛋花汤,3,36.96,110.88,49.83
OI001146_520,O001146,D0037,西米露,3,51.15,153.45,62.25
OI001146_521,O001146,D0002,鱼香肉丝,3,41.81,125.43,38.34
OI001147_522,O001147,D0024,酸辣汤,3,48.76,146.28,39.24
OI001147_523,O001147,D0016,面条,2,26.32,52.64,13.5
OI001148_524,O001148,D0029,雪碧,3,62.42,187.26,51.12
OI001148_525,O001148,D0020,馒头,1,44.71,44.71,13.55
OI001148_526,O001148,D0012,拍黄瓜,3,13.71,41.13,15.51
OI001149_527,O001149,D0004,红烧肉,1,56.3,56.3,23.16
OI001149_528,O001149,D0014,蒜泥白肉,3,29.6,88.8,38.64
OI001149_529,O001149,D0034,冰淇淋,2,48.61,97.22,26.38
OI001149_530,O001149,D0003,麻婆豆腐,1,16.18,16.18,5.27
OI001149_531,O001149,D0033,柠檬水,1,29.07,29.07,10.18
OI001149_532,O001149,D0018,包子,3,78.11,234.33,73.32
OI001150_533,O001150,D0037,西米露,3,51.15,153.45,62.25
OI001150_534,O001150,D0012,拍黄瓜,2,13.71,27.42,10.34
OI001150_535,O001150,D0025,排骨汤,3,76.89,230.67,64.71
OI001151_536,O001151,D0019,饺子,3,47.94,143.82,61.41
OI001151_537,O001151,D0028,可乐,2,50.33,100.66,44.72
OI001151_538,O001151,D0016,面条,2,26.32,52.64,13.5
OI001151_539,O001151,D0038,双皮奶,2,81.48,162.96,60.26
OI001151_540,O001151,D0039,红豆沙,3,9.56,28.68,12.51
OI001152_541,O001152,D0024,酸辣汤,3,48.76,146.28,39.24
OI001152_542,O001152,D0003,麻婆豆腐,1,16.18,16.18,5.27
OI001152_543,O001152,D0013,凉拌木耳,2,66.33,132.66,37.5
OI001152_544,O001152,D0034,冰淇淋,3,48.61,145.83,39.57
OI001152_545,O001152,D0007,回锅肉,3,23.38,70.14,18.51
OI001153_546,O001153,D0010,口水鸡,3,21.01,63.03,20.25
OI001154_547,O001154,D0037,西米露,2,51.15,102.3,41.5
OI001154_548,O001154,D0035,蛋糕,3,31.88,95.64,36.12
OI001154_549,O001154,D0023,紫菜蛋花汤,3,36.96,110.88,49.83
OI001154_550,O001154,D0013,凉拌木耳,3,66.33,198.99,56.25
OI001154_551,O001154,D0039,红豆沙,3,9.56,28.68,12.51
OI001154_552,O001154,D0022,番茄蛋汤,3,54.77,164.31,70.59
OI001155_553,O001155,D0006,水煮鱼,1,31.45,31.45,11.82
OI001155_554,O001155,D0005,糖醋排骨,2,17.99,35.98,15.64
OI001156_555,O001156,D0021,葱油饼,2,67.6,135.2,48.38
OI001156_556,O001156,D0013,凉拌木耳,1,66.33,66.33,18.75
OI001156_557,O001156,D0001,宫保鸡丁,2,72.75,145.5,36.56
OI001157_558,O001157,D0033,柠檬水,1,29.07,29.07,10.18
OI001158_559,O001158,D0038,双皮奶,3,81.48,244.44,90.39
OI001159_560,O001159,D0015,米饭,1,52.56,52.56,20.34
OI001159_561,O001159,D0009,凉拌黄瓜,1,30.24,30.24,11.4
OI001159_562,O001159,D0031,奶茶,1,16.92,16.92,5.7
OI001159_563,O001159,D0034,冰淇淋,3,48.61,145.83,39.57
OI001159_564,O001159,D0025,排骨汤,3,76.89,230.67,64.71
OI001159_565,O001159,D0019,饺子,2,47.94,95.88,40.94
OI001160_566,O001160,D0032,咖啡,2,8.26,16.52,6.52
OI001161_567,O001161,D0028,可乐,1,50.33,50.33,22.36
OI001161_568,O001161,D0014,蒜泥白肉,1,29.6,29.6,12.88
OI001161_569,O001161,D0005,糖醋排骨,2,17.99,35.98,15.64
OI001161_570,O001161,D0024,酸辣汤,3,48.76,146.28,39.24
OI001161_571,O001161,D0011,夫妻肺片,1,29.36,29.36,12.84
OI001161_572,O001161,D0023,紫菜蛋花汤,2,36.96,73.92,33.22
OI001162_573,O001162,D0011,夫妻肺片,2,29.36,58.72,25.68
OI001162_574,O001162,D0018,包子,3,78.11,234.33,73.32
OI001162_575,O001162,D0030,橙汁,3,68.07,204.21,82.44
OI001162_576,O001162,D0023,紫菜蛋花汤,1,36.96,36.96,16.61
OI001163_577,O001163,D0035,蛋糕,2,31.88,63.76,24.08
OI001164_578,O001164,D0022,番茄蛋汤,2,54.77,109.54,47.06
OI001164_579,O001164,D0028,可乐,1,50.33,50.33,22.36
OI001164_580,O001164,D0032,咖啡,3,8.26,24.78,9.78
OI001164_581,O001164,D0038,双皮奶,1,81.48,81.48,30.13
OI001164_582,O001164,D0033,柠檬水,1,29.07,29.07,10.18
OI001164_583,O001164,D0001,宫保鸡丁,3,72.75,218.25,54.84
OI001165_584,O001165,D0036,布丁,2,23.91,47.82,15.54
OI001165_585,O001165,D0026,鸡汤,2,71.37,142.74,47.74
OI001165_586,O001165,D0035,蛋糕,1,31.88,31.88,12.04
OI001166_587,O001166,D0024,酸辣汤,1,48.76,48.76,13.08
OI001166_588,O001166,D0010,口水鸡,3,21.01,63.03,20.25
OI001166_589,O001166,D0017,炒饭,3,40.09,120.27,31.65
OI001166_590,O001166,D0021,葱油饼,3,67.6,202.8,72.57
OI001166_591,O001166,D0018,包子,1,78.11,78.11,24.44
OI001166_592,O001166,D0022,番茄蛋汤,2,54.77,109.54,47.06
OI001167_593,O001167,D0027,豆腐汤,1,38.78,38.78,14.32
OI001167_594,O001167,D0007,回锅肉,2,23.38,46.76,12.34
OI001167_595,O001167,D0032,咖啡,3,8.26,24.78,9.78
OI001168_596,O001168,D0027,豆腐汤,1,38.78,38.78,14.32
OI001169_597,O001169,D0016,面条,3,26.32,78.96,20.25
OI001169_598,O001169,D0011,夫妻肺片,1,29.36,29.36,12.84
OI001169_599,O001169,D0003,麻婆豆腐,1,16.18,16.18,5.27
OI001169_600,O001169,D0010,口水鸡,1,21.01,21.01,6.75
OI001169_601,O001169,D0012,拍黄瓜,3,13.71,41.13,15.51
OI001170_602,O001170,D0033,柠檬水,1,29.07,29.07,10.18
OI001170_603,O001170,D0015,米饭,2,52.56,105.12,40.68
OI001171_604,O001171,D0020,馒头,1,44.71,44.71,13.55
OI001171_605,O001171,D0001,宫保鸡丁,3,72.75,218.25,54.84
OI001171_606,O001171,D0024,酸辣汤,2,48.76,97.52,26.16
OI001171_607,O001171,D0031,奶茶,1,16.92,16.92,5.7
OI001172_608,O001172,D0004,红烧肉,3,56.3,168.9,69.48
OI001172_609,O001172,D0038,双皮奶,3,81.48,244.44,90.39
OI001172_610,O001172,D0024,酸辣汤,3,48.76,146.28,39.24
OI001172_611,O001172,D0027,豆腐汤,1,38.78,38.78,14.32
OI001172_612,O001172,D0035,蛋糕,2,31.88,63.76,24.08
OI001172_613,O001172,D0023,紫菜蛋花汤,1,36.96,36.96,16.61
OI001173_614,O001173,D0033,柠檬水,3,29.07,87.21,30.54
OI001173_615,O001173,D0002,鱼香肉丝,3,41.81,125.43,38.34
OI001174_616,O001174,D0013,凉拌木耳,1,66.33,66.33,18.75
OI001174_617,O001174,D0036,布丁,2,23.91,47.82,15.54
OI001174_618,O001174,D0022,番茄蛋汤,1,54.77,54.77,23.53
OI001174_619,O001174,D0029,雪碧,3,62.42,187.26,51.12
OI001174_620,O001174,D0015,米饭,3,52.56,157.68,61.02
OI001175_621,O001175,D0008,小炒黄牛肉,2,86.82,173.64,73.12
OI001175_622,O001175,D0026,鸡汤,3,71.37,214.11,71.61
OI001175_623,O001175,D0035,蛋糕,3,31.88,95.64,36.12
OI001176_624,O001176,D0001,宫保鸡丁,3,72.75,218.25,54.84
OI001176_625,O001176,D0033,柠檬水,3,29.07,87.21,30.54
OI001176_626,O001176,D0008,小炒黄牛肉,3,86.82,260.46,109.68
OI001177_627,O001177,D0002,鱼香肉丝,3,41.81,125.43,38.34
OI001177_628,O001177,D0037,西米露,3,51.15,153.45,62.25
OI001178_629,O001178,D0018,包子,2,78.11,156.22,48.88
OI001179_630,O001179,D0021,葱油饼,1,67.6,67.6,24.19
OI001180_631,O001180,D0023,紫菜蛋花汤,2,36.96,73.92,33.22
OI001180_632,O001180,D0014,蒜泥白肉,3,29.6,88.8,38.64
OI001180_633,O001180,D0030,橙汁,2,68.07,136.14,54.96
OI001180_634,O001180,D0004,红烧肉,2,56.3,112.6,46.32
OI001180_635,O001180,D0033,柠檬水,3,29.07,87.21,30.54
OI001180_636,O001180,D0013,凉拌木耳,3,66.33,198.99,56.25
OI001181_637,O001181,D0022,番茄蛋汤,3,54.77,164.31,70.59
OI001181_638,O001181,D0014,蒜泥白肉,3,29.6,88.8,38.64
OI001182_639,O001182,D0020,馒头,2,44.71,89.42,27.1
OI001182_640,O001182,D0007,回锅肉,2,23.38,46.76,12.34
OI001182_641,O001182,D0013,凉拌木耳,2,66.33,132.66,37.5
OI001183_642,O001183,D0036,布丁,2,23.91,47.82,15.54
OI001183_643,O001183,D0013,凉拌木耳,3,66.33,198.99,56.25
OI001184_644,O001184,D0038,双皮奶,1,81.48,81.48,30.13
OI001184_645,O001184,D0016,面条,2,26.32,52.64,13.5
OI001184_646,O001184,D0037,西米露,2,51.15,102.3,41.5
OI001184_647,O001184,D0008,小炒黄牛肉,2,86.82,173.64,73.12
OI001184_648,O001184,D0002,鱼香肉丝,2,41.81,83.62,25.56
OI001185_649,O001185,D0003,麻婆豆腐,2,16.18,32.36,10.54
OI001185_650,O001185,D0026,鸡汤,3,71.37,214.11,71.61
OI001185_651,O001185,D0014,蒜泥白肉,3,29.6,88.8,38.64
OI001186_652,O001186,D0019,饺子,2,47.94,95.88,40.94
OI001186_653,O001186,D0022,番茄蛋汤,3,54.77,164.31,70.59
OI001186_654,O001186,D0009,凉拌黄瓜,3,30.24,90.72,34.2
OI001186_655,O001186,D0029,雪碧,3,62.42,187.26,51.12
OI001186_656,O001186,D0004,红烧肉,1,56.3,56.3,23.16
OI001186_657,O001186,D0034,冰淇淋,2,48.61,97.22,26.38
OI001187_658,O001187,D0033,柠檬水,1,29.07,29.07,10.18
OI001187_659,O001187,D0026,鸡汤,1,71.37,71.37,23.87
OI001188_660,O001188,D0024,酸辣汤,1,48.76,48.76,13.08
OI001188_661,O001188,D0023,紫菜蛋花汤,3,36.96,110.88,49.83
OI001189_662,O001189,D0008,小炒黄牛肉,1,86.82,86.82,36.56
OI001189_663,O001189,D0031,奶茶,1,16.92,16.92,5.7
OI001189_664,O001189,D0003,麻婆豆腐,3,16.18,48.54,15.81
OI001189_665,O001189,D0021,葱油饼,3,67.6,202.8,72.57
OI001190_666,O001190,D0022,番茄蛋汤,2,54.77,109.54,47.06
OI001190_667,O001190,D0034,冰淇淋,3,48.61,145.83,39.57
OI001190_668,O001190,D0025,排骨汤,3,76.89,230.67,64.71
OI001190_669,O001190,D0016,面条,3,26.32,78.96,20.25
OI001190_670,O001190,D0028,可乐,1,50.33,50.33,22.36
OI001191_671,O001191,D0005,糖醋排骨,3,17.99,53.97,23.46
OI001191_672,O001191,D0036,布丁,3,23.91,71.73,23.31
OI001191_673,O001191,D0038,双皮奶,2,81.48,162.96,60.26
OI001191_674,O001191,D0009,凉拌黄瓜,2,30.24,60.48,22.8
OI001191_675,O001191,D0025,排骨汤,1,76.89,76.89,21.57
OI001191_676,O001191,D0019,饺子,1,47.94,47.94,20.47
OI001192_677,O001192,D0028,可乐,3,50.33,150.99,67.08
OI001192_678,O001192,D0021,葱油饼,3,67.6,202.8,72.57
OI001192_679,O001192,D0023,紫菜蛋花汤,1,36.96,36.96,16.61
OI001192_680,O001192,D0030,橙汁,2,68.07,136.14,54.96
OI001192_681,O001192,D0026,鸡汤,3,71.37,214.11,71.61
OI001193_682,O001193,D0029,雪碧,3,62.42,187.26,51.12
OI001193_683,O001193,D0032,咖啡,1,8.26,8.26,3.26
OI001193_684,O001193,D0034,冰淇淋,2,48.61,97.22,26.38
OI001193_685,O001193,D0036,布丁,2,23.91,47.82,15.54
OI001194_686,O001194,D0038,双皮奶,1,81.48,81.48,30.13
OI001194_687,O001194,D0025,排骨汤,1,76.89,76.89,21.57
OI001194_688,O001194,D0007,回锅肉,3,23.38,70.14,18.51
OI001194_689,O001194,D0031,奶茶,3,16.92,50.76,17.1
OI001194_690,O001194,D0022,番茄蛋汤,3,54.77,164.31,70.59
OI001195_691,O001195,D0021,葱油饼,3,67.6,202.8,72.57
OI001195_692,O001195,D0028,可乐,3,50.33,150.99,67.08
OI001195_693,O001195,D0025,排骨汤,2,76.89,153.78,43.14
OI001195_694,O001195,D0016,面条,1,26.32,26.32,6.75
OI001195_695,O001195,D0026,鸡汤,3,71.37,214.11,71.61
OI001196_696,O001196,D0021,葱油饼,1,67.6,67.6,24.19
OI001197_697,O001197,D0033,柠檬水,3,29.07,87.21,30.54
OI001197_698,O001197,D0038,双皮奶,1,81.48,81.48,30.13
OI001197_699,O001197,D0003,麻婆豆腐,1,16.18,16.18,5.27
OI001197_700,O001197,D0017,炒饭,3,40.09,120.27,31.65
OI001197_701,O001197,D0018,包子,1,78.11,78.11,24.44
OI001198_702,O001198,D0028,可乐,3,50.33,150.99,67.08
OI001199_703,O001199,D0027,豆腐汤,3,38.78,116.34,42.96
OI001199_704,O001199,D0016,面条,2,26.32,52.64,13.5
OI001199_705,O001199,D0035,蛋糕,2,31.88,63.76,24.08
OI001200_706,O001200,D0007,回锅肉,2,23.38,46.76,12.34
OI001200_707,O001200,D0032,咖啡,2,8.26,16.52,6.52
OI001200_708,O001200,D0014,蒜泥白肉,3,29.6,88.8,38.64
OI001201_709,O001201,D0014,蒜泥白肉,2,29.6,59.2,25.76
OI001201_710,O001201,D0021,葱油饼,2,67.6,135.2,48.38
OI001201_711,O001201,D0038,双皮奶,1,81.48,81.48,30.13
OI001201_712,O001201,D0037,西米露,1,51.15,51.15,20.75
OI001201_713,O001201,D0034,冰淇淋,2,48.61,97.22,26.38
OI001201_714,O001201,D0002,鱼香肉丝,1,41.81,41.81,12.78
OI001202_715,O001202,D0031,奶茶,3,16.92,50.76,17.1
OI001202_716,O001202,D0002,鱼香肉丝,2,41.81,83.62,25.56
OI001202_717,O001202,D0035,蛋糕,3,31.88,95.64,36.12
OI001203_718,O001203,D0021,葱油饼,3,67.6,202.8,72.57
OI001203_719,O001203,D0009,凉拌黄瓜,2,30.24,60.48,22.8
OI001204_720,O001204,D0003,麻婆豆腐,1,16.18,16.18,5.27
OI001204_721,O001204,D0026,鸡汤,1,71.37,71.37,23.87
OI001204_722,O001204,D0011,夫妻肺片,2,29.36,58.72,25.68
OI001204_723,O001204,D0002,鱼香肉丝,2,41.81,83.62,25.56
OI001204_724,O001204,D0025,排骨汤,3,76.89,230.67,64.71
OI001205_725,O001205,D0034,冰淇淋,2,48.61,97.22,26.38
OI001206_726,O001206,D0013,凉拌木耳,2,66.33,132.66,37.5
OI001206_727,O001206,D0036,布丁,1,23.91,23.91,7.77
OI001206_728,O001206,D0005,糖醋排骨,1,17.99,17.99,7.82
OI001207_729,O001207,D0001,宫保鸡丁,2,72.75,145.5,36.56
OI001207_730,O001207,D0007,回锅肉,2,23.38,46.76,12.34
OI001208_731,O001208,D0024,酸辣汤,3,48.76,146.28,39.24
OI001208_732,O001208,D0021,葱油饼,3,67.6,202.8,72.57
OI001208_733,O001208,D0022,番茄蛋汤,1,54.77,54.77,23.53
OI001208_734,O001208,D0026,鸡汤,1,71.37,71.37,23.87
OI001208_735,O001208,D0011,夫妻肺片,3,29.36,88.08,38.52
OI001209_736,O001209,D0006,水煮鱼,2,31.45,62.9,23.64
OI001210_737,O001210,D0007,回锅肉,1,23.38,23.38,6.17
OI001211_738,O001211,D0024,酸辣汤,3,48.76,146.28,39.24
OI001211_739,O001211,D0029,雪碧,3,62.42,187.26,51.12
OI001211_740,O001211,D0031,奶茶,2,16.92,33.84,11.4
OI001211_741,O001211,D0038,双皮奶,3,81.48,244.44,90.39
OI001211_742,O001211,D0033,柠檬水,2,29.07,58.14,20.36
OI001211_743,O001211,D0028,可乐,2,50.33,100.66,44.72
OI001212_744,O001212,D0009,凉拌黄瓜,1,30.24,30.24,11.4
OI001212_745,O001212,D0008,小炒黄牛肉,2,86.82,173.64,73.12
OI001212_746,O001212,D0025,排骨汤,2,76.89,153.78,43.14
OI001212_747,O001212,D0021,葱油饼,3,67.6,202.8,72.57
OI001213_748,O001213,D0033,柠檬水,3,29.07,87.21,30.54
OI001213_749,O001213,D0004,红烧肉,2,56.3,112.6,46.32
OI001213_750,O001213,D0017,炒饭,2,40.09,80.18,21.1
OI001213_751,O001213,D0023,紫菜蛋花汤,2,36.96,73.92,33.22
OI001213_752,O001213,D0015,米饭,2,52.56,105.12,40.68
OI001213_753,O001213,D0009,凉拌黄瓜,1,30.24,30.24,11.4
OI001214_754,O001214,D0008,小炒黄牛肉,3,86.82,260.46,109.68
OI001214_755,O001214,D0022,番茄蛋汤,3,54.77,164.31,70.59
OI001214_756,O001214,D0021,葱油饼,1,67.6,67.6,24.19
OI001215_757,O001215,D0039,红豆沙,2,9.56,19.12,8.34
OI001215_758,O001215,D0004,红烧肉,2,56.3,112.6,46.32
OI001215_759,O001215,D0010,口水鸡,3,21.01,63.03,20.25
OI001215_760,O001215,D0018,包子,2,78.11,156.22,48.88
OI001215_761,O001215,D0015,米饭,1,52.56,52.56,20.34
OI001216_762,O001216,D0024,酸辣汤,2,48.76,97.52,26.16
OI001216_763,O001216,D0025,排骨汤,3,76.89,230.67,64.71
OI001216_764,O001216,D0036,布丁,2,23.91,47.82,15.54
OI001216_765,O001216,D0029,雪碧,3,62.42,187.26,51.12
OI001217_766,O001217,D0030,橙汁,1,68.07,68.07,27.48
OI001217_767,O001217,D0028,可乐,2,50.33,100.66,44.72
OI001217_768,O001217,D0002,鱼香肉丝,1,41.81,41.81,12.78
OI001217_769,O001217,D0001,宫保鸡丁,2,72.75,145.5,36.56
OI001217_770,O001217,D0011,夫妻肺片,2,29.36,58.72,25.68
OI001218_771,O001218,D0019,饺子,1,47.94,47.94,20.47
OI001218_772,O001218,D0009,凉拌黄瓜,3,30.24,90.72,34.2
OI001219_773,O001219,D0006,水煮鱼,1,31.45,31.45,11.82
OI001219_774,O001219,D0024,酸辣汤,3,48.76,146.28,39.24
OI001220_775,O001220,D0001,宫保鸡丁,1,72.75,72.75,18.28
OI001220_776,O001220,D0031,奶茶,2,16.92,33.84,11.4
OI001220_777,O001220,D0014,蒜泥白肉,1,29.6,29.6,12.88
OI001220_778,O001220,D0035,蛋糕,2,31.88,63.76,24.08
OI001221_779,O001221,D0012,拍黄瓜,1,13.71,13.71,5.17
OI001221_780,O001221,D0021,葱油饼,1,67.6,67.6,24.19
OI001221_781,O001221,D0027,豆腐汤,2,38.78,77.56,28.64
OI001222_782,O001222,D0036,布丁,1,23.91,23.91,7.77
OI001222_783,O001222,D0037,西米露,1,51.15,51.15,20.75
OI001222_784,O001222,D0028,可乐,3,50.33,150.99,67.08
OI001222_785,O001222,D0003,麻婆豆腐,2,16.18,32.36,10.54
OI001223_786,O001223,D0013,凉拌木耳,3,66.33,198.99,56.25
OI001223_787,O001223,D0005,糖醋排骨,2,17.99,35.98,15.64
OI001224_788,O001224,D0028,可乐,3,50.33,150.99,67.08
OI001224_789,O001224,D0027,豆腐汤,2,38.78,77.56,28.64
OI001224_790,O001224,D0036,布丁,3,23.91,71.73,23.31
OI001224_791,O001224,D0009,凉拌黄瓜,1,30.24,30.24,11.4
OI001224_792,O001224,D0030,橙汁,2,68.07,136.14,54.96
OI001224_793,O001224,D0023,紫菜蛋花汤,3,36.96,110.88,49.83
OI001225_794,O001225,D0023,紫菜蛋花汤,3,36.96,110.88,49.83
OI001225_795,O001225,D0002,鱼香肉丝,1,41.81,41.81,12.78
OI001225_796,O001225,D0025,排骨汤,3,76.89,230.67,64.71
OI001225_797,O001225,D0017,炒饭,3,40.09,120.27,31.65
OI001226_798,O001226,D0004,红烧肉,3,56.3,168.9,69.48
OI001226_799,O001226,D0003,麻婆豆腐,1,16.18,16.18,5.27
OI001226_800,O001226,D0035,蛋糕,1,31.88,31.88,12.04
OI001226_801,O001226,D0020,馒头,3,44.71,134.13,40.65
OI001227_802,O001227,D0021,葱油饼,3,67.6,202.8,72.57
OI001227_803,O001227,D0024,酸辣汤,3,48.76,146.28,39.24
OI001227_804,O001227,D0015,米饭,3,52.56,157.68,61.02
OI001227_805,O001227,D0012,拍黄瓜,1,13.71,13.71,5.17
OI001227_806,O001227,D0013,凉拌木耳,3,66.33,198.99,56.25
OI001227_807,O001227,D0031,奶茶,3,16.92,50.76,17.1
OI001228_808,O001228,D0019,饺子,2,47.94,95.88,40.94
OI001228_809,O001228,D0013,凉拌木耳,3,66.33,198.99,56.25
OI001228_810,O001228,D0012,拍黄瓜,3,13.71,41.13,15.51
OI001228_811,O001228,D0005,糖醋排骨,2,17.99,35.98,15.64
OI001228_812,O001228,D0014,蒜泥白肉,2,29.6,59.2,25.76
OI001229_813,O001229,D0016,面条,3,26.32,78.96,20.25
OI001229_814,O001229,D0021,葱油饼,2,67.6,135.2,48.38
OI001229_815,O001229,D0028,可乐,1,50.33,50.33,22.36
OI001229_816,O001229,D0023,紫菜蛋花汤,3,36.96,110.88,49.83
OI001229_817,O001229,D0026,鸡汤,2,71.37,142.74,47.74
OI001229_818,O001229,D0036,布丁,3,23.91,71.73,23.31
OI001230_819,O001230,D0013,凉拌木耳,2,66.33,132.66,37.5
OI001231_820,O001231,D0030,橙汁,3,68.07,204.21,82.44
OI001231_821,O001231,D0008,小炒黄牛肉,1,86.82,86.82,36.56
OI001231_822,O001231,D0006,水煮鱼,3,31.45,94.35,35.46
OI001231_823,O001231,D0036,布丁,2,23.91,47.82,15.54
OI001231_824,O001231,D0035,蛋糕,2,31.88,63.76,24.08
OI001232_825,O001232,D0019,饺子,1,47.94,47.94,20.47
OI001233_826,O001233,D0012,拍黄瓜,1,13.71,13.71,5.17
OI001233_827,O001233,D0034,冰淇淋,3,48.61,145.83,39.57
OI001234_828,O001234,D0011,夫妻肺片,3,29.36,88.08,38.52
OI001234_829,O001234,D0018,包子,1,78.11,78.11,24.44
OI001234_830,O001234,D0016,面条,2,26.32,52.64,13.5
OI001234_831,O001234,D0036,布丁,3,23.91,71.73,23.31
OI001234_832,O001234,D0035,蛋糕,3,31.88,95.64,36.12
OI001234_833,O001234,D0026,鸡汤,2,71.37,142.74,47.74
OI001235_834,O001235,D0029,雪碧,3,62.42,187.26,51.12
OI001235_835,O001235,D0021,葱油饼,2,67.6,135.2,48.38
OI001235_836,O001235,D0020,馒头,3,44.71,134.13,40.65
OI001235_837,O001235,D0017,炒饭,3,40.09,120.27,31.65
OI001236_838,O001236,D0038,双皮奶,2,81.48,162.96,60.26
OI001236_839,O001236,D0013,凉拌木耳,2,66.33,132.66,37.5
OI001236_840,O001236,D0039,红豆沙,2,9.56,19.12,8.34
OI001237_841,O001237,D0037,西米露,3,51.15,153.45,62.25
OI001237_842,O001237,D0032,咖啡,2,8.26,16.52,6.52
OI001238_843,O001238,D0008,小炒黄牛肉,3,86.82,260.46,109.68
OI001239_844,O001239,D0012,拍黄瓜,1,13.71,13.71,5.17
OI001239_845,O001239,D0002,鱼香肉丝,1,41.81,41.81,12.78
OI001239_846,O001239,D0006,水煮鱼,3,31.45,94.35,35.46
OI001239_847,O001239,D0030,橙汁,3,68.07,204.21,82.44
OI001239_848,O001239,D0034,冰淇淋,1,48.61,48.61,13.19
OI001240_849,O001240,D0010,口水鸡,3,21.01,63.03,20.25
OI001240_850,O001240,D0014,蒜泥白肉,1,29.6,29.6,12.88
OI001240_851,O001240,D0029,雪碧,1,62.42,62.42,17.04
OI001240_852,O001240,D0009,凉拌黄瓜,3,30.24,90.72,34.2
OI001240_853,O001240,D0016,面条,1,26.32,26.32,6.75
OI001240_854,O001240,D0036,布丁,2,23.91,47.82,15.54
OI001241_855,O001241,D0020,馒头,2,44.71,89.42,27.1
OI001241_856,O001241,D0034,冰淇淋,1,48.61,48.61,13.19
OI001241_857,O001241,D0005,糖醋排骨,1,17.99,17.99,7.82
OI001242_858,O001242,D0038,双皮奶,1,81.48,81.48,30.13
OI001242_859,O001242,D0018,包子,2,78.11,156.22,48.88
OI001242_860,O001242,D0022,番茄蛋汤,1,54.77,54.77,23.53
OI001242_861,O001242,D0035,蛋糕,3,31.88,95.64,36.12
OI001243_862,O001243,D0021,葱油饼,2,67.6,135.2,48.38
OI001244_863,O001244,D0033,柠檬水,1,29.07,29.07,10.18
OI001244_864,O001244,D0015,米饭,3,52.56,157.68,61.02
OI001244_865,O001244,D0006,水煮鱼,3,31.45,94.35,35.46
OI001244_866,O001244,D0026,鸡汤,1,71.37,71.37,23.87
OI001245_867,O001245,D0007,回锅肉,3,23.38,70.14,18.51
OI001245_868,O001245,D0017,炒饭,2,40.09,80.18,21.1
OI001245_869,O001245,D0022,番茄蛋汤,2,54.77,109.54,47.06
OI001245_870,O001245,D0031,奶茶,2,16.92,33.84,11.4
OI001245_871,O001245,D0018,包子,2,78.11,156.22,48.88
OI001246_872,O001246,D0023,紫菜蛋花汤,2,36.96,73.92,33.22
OI001246_873,O001246,D0014,蒜泥白肉,2,29.6,59.2,25.76
OI001246_874,O001246,D0032,咖啡,3,8.26,24.78,9.78
OI001246_875,O001246,D0013,凉拌木耳,2,66.33,132.66,37.5
OI001246_876,O001246,D0037,西米露,2,51.15,102.3,41.5
OI001247_877,O001247,D0013,凉拌木耳,3,66.33,198.99,56.25
OI001247_878,O001247,D0033,柠檬水,1,29.07,29.07,10.18
OI001247_879,O001247,D0020,馒头,1,44.71,44.71,13.55
OI001248_880,O001248,D0010,口水鸡,2,21.01,42.02,13.5
OI001248_881,O001248,D0035,蛋糕,1,31.88,31.88,12.04
OI001248_882,O001248,D0034,冰淇淋,3,48.61,145.83,39.57
OI001249_883,O001249,D0029,雪碧,2,62.42,124.84,34.08
OI001249_884,O001249,D0037,西米露,1,51.15,51.15,20.75
OI001249_885,O001249,D0003,麻婆豆腐,3,16.18,48.54,15.81
OI001249_886,O001249,D0012,拍黄瓜,3,13.71,41.13,15.51
OI001250_887,O001250,D0018,包子,1,78.11,78.11,24.44
OI001250_888,O001250,D0022,番茄蛋汤,2,54.77,109.54,47.06
OI001250_889,O001250,D0033,柠檬水,1,29.07,29.07,10.18
OI001250_890,O001250,D0005,糖醋排骨,1,17.99,17.99,7.82
OI001250_891,O001250,D0027,豆腐汤,3,38.78,116.34,42.96
OI001250_892,O001250,D0017,炒饭,3,40.09,120.27,31.65
OI001251_893,O001251,D0011,夫妻肺片,2,29.36,58.72,25.68
OI001252_894,O001252,D0011,夫妻肺片,2,29.36,58.72,25.68
OI001253_895,O001253,D0031,奶茶,1,16.92,16.92,5.7
OI001253_896,O001253,D0033,柠檬水,1,29.07,29.07,10.18
OI001254_897,O001254,D0034,冰淇淋,1,48.61,48.61,13.19
OI001254_898,O001254,D0016,面条,3,26.32,78.96,20.25
OI001255_899,O001255,D0013,凉拌木耳,1,66.33,66.33,18.75
OI001255_900,O001255,D0026,鸡汤,2,71.37,142.74,47.74
OI001255_901,O001255,D0039,红豆沙,1,9.56,9.56,4.17
OI001255_902,O001255,D0036,布丁,3,23.91,71.73,23.31
OI001255_903,O001255,D0020,馒头,1,44.71,44.71,13.55
OI001256_904,O001256,D0004,红烧肉,3,56.3,168.9,69.48
OI001257_905,O001257,D0039,红豆沙,3,9.56,28.68,12.51
OI001257_906,O001257,D0029,雪碧,2,62.42,124.84,34.08
OI001257_907,O001257,D0033,柠檬水,2,29.07,58.14,20.36
OI001258_908,O001258,D0033,柠檬水,3,29.07,87.21,30.54
OI001259_909,O001259,D0034,冰淇淋,3,48.61,145.83,39.57
OI001260_910,O001260,D0024,酸辣汤,3,48.76,146.28,39.24
OI001260_911,O001260,D0022,番茄蛋汤,2,54.77,109.54,47.06
OI001261_912,O001261,D0001,宫保鸡丁,2,72.75,145.5,36.56
OI001261_913,O001261,D0026,鸡汤,2,71.37,142.74,47.74
OI001261_914,O001261,D0027,豆腐汤,3,38.78,116.34,42.96
OI001261_915,O001261,D0017,炒饭,2,40.09,80.18,21.1
OI001262_916,O001262,D0013,凉拌木耳,1,66.33,66.33,18.75
OI001263_917,O001263,D0009,凉拌黄瓜,2,30.24,60.48,22.8
OI001264_918,O001264,D0018,包子,2,78.11,156.22,48.88
OI001264_919,O001264,D0030,橙汁,1,68.07,68.07,27.48
OI001264_920,O001264,D0017,炒饭,2,40.09,80.18,21.1
OI001264_921,O001264,D0004,红烧肉,1,56.3,56.3,23.16
OI001264_922,O001264,D0025,排骨汤,1,76.89,76.89,21.57
OI001265_923,O001265,D0011,夫妻肺片,1,29.36,29.36,12.84
OI001265_924,O001265,D0028,可乐,2,50.33,100.66,44.72
OI001265_925,O001265,D0006,水煮鱼,1,31.45,31.45,11.82
OI001266_926,O001266,D0016,面条,1,26.32,26.32,6.75
OI001266_927,O001266,D0026,鸡汤,2,71.37,142.74,47.74
OI001266_928,O001266,D0002,鱼香肉丝,3,41.81,125.43,38.34
OI001267_929,O001267,D0001,宫保鸡丁,3,72.75,218.25,54.84
OI001267_930,O001267,D0005,糖醋排骨,2,17.99,35.98,15.64
OI001268_931,O001268,D0005,糖醋排骨,1,17.99,17.99,7.82
OI001268_932,O001268,D0035,蛋糕,3,31.88,95.64,36.12
OI001268_933,O001268,D0011,夫妻肺片,1,29.36,29.36,12.84
OI001268_934,O001268,D0001,宫保鸡丁,3,72.75,218.25,54.84
OI001268_935,O001268,D0021,葱油饼,1,67.6,67.6,24.19
OI001269_936,O001269,D0008,小炒黄牛肉,2,86.82,173.64,73.12
OI001269_937,O001269,D0027,豆腐汤,3,38.78,116.34,42.96
OI001269_938,O001269,D0038,双皮奶,1,81.48,81.48,30.13
OI001269_939,O001269,D0011,夫妻肺片,2,29.36,58.72,25.68
OI001270_940,O001270,D0038,双皮奶,2,81.48,162.96,60.26
OI001270_941,O001270,D0017,炒饭,2,40.09,80.18,21.1
OI001271_942,O001271,D0038,双皮奶,3,81.48,244.44,90.39
OI001271_943,O001271,D0032,咖啡,3,8.26,24.78,9.78
OI001271_944,O001271,D0018,包子,1,78.11,78.11,24.44
OI001271_945,O001271,D0016,面条,2,26.32,52.64,13.5
OI001271_946,O001271,D0013,凉拌木耳,2,66.33,132.66,37.5
OI001272_947,O001272,D0020,馒头,1,44.71,44.71,13.55
OI001272_948,O001272,D0038,双皮奶,2,81.48,162.96,60.26
OI001272_949,O001272,D0031,奶茶,3,16.92,50.76,17.1
OI001272_950,O001272,D0005,糖醋排骨,2,17.99,35.98,15.64
OI001272_951,O001272,D0006,水煮鱼,3,31.45,94.35,35.46
OI001272_952,O001272,D0027,豆腐汤,1,38.78,38.78,14.32
OI001273_953,O001273,D0001,宫保鸡丁,1,72.75,72.75,18.28
OI001273_954,O001273,D0004,红烧肉,3,56.3,168.9,69.48
OI001273_955,O001273,D0032,咖啡,2,8.26,16.52,6.52
OI001273_956,O001273,D0007,回锅肉,3,23.38,70.14,18.51
OI001273_957,O001273,D0034,冰淇淋,1,48.61,48.61,13.19
OI001273_958,O001273,D0038,双皮奶,3,81.48,244.44,90.39
OI001274_959,O001274,D0012,拍黄瓜,3,13.71,41.13,15.51
OI001274_960,O001274,D0023,紫菜蛋花汤,3,36.96,110.88,49.83
OI001275_961,O001275,D0002,鱼香肉丝,3,41.81,125.43,38.34
OI001275_962,O001275,D0023,紫菜蛋花汤,1,36.96,36.96,16.61
OI001275_963,O001275,D0009,凉拌黄瓜,3,30.24,90.72,34.2
OI001275_964,O001275,D0038,双皮奶,1,81.48,81.48,30.13
OI001275_965,O001275,D0011,夫妻肺片,2,29.36,58.72,25.68
OI001276_966,O001276,D0010,口水鸡,2,21.01,42.02,13.5
OI001276_967,O001276,D0038,双皮奶,3,81.48,244.44,90.39
OI001276_968,O001276,D0008,小炒黄牛肉,3,86.82,260.46,109.68
OI001276_969,O001276,D0028,可乐,1,50.33,50.33,22.36
OI001277_970,O001277,D0039,红豆沙,1,9.56,9.56,4.17
OI001278_971,O001278,D0022,番茄蛋汤,2,54.77,109.54,47.06
OI001278_972,O001278,D0033,柠檬水,1,29.07,29.07,10.18
OI001279_973,O001279,D0032,咖啡,1,8.26,8.26,3.26
OI001279_974,O001279,D0036,布丁,2,23.91,47.82,15.54
OI001279_975,O001279,D0038,双皮奶,2,81.48,162.96,60.26
OI001279_976,O001279,D0005,糖醋排骨,2,17.99,35.98,15.64
OI001279_977,O001279,D0026,鸡汤,2,71.37,142.74,47.74
OI001280_978,O001280,D0027,豆腐汤,3,38.78,116.34,42.96
OI001280_979,O001280,D0037,西米露,2,51.15,102.3,41.5
OI001280_980,O001280,D0029,雪碧,2,62.42,124.84,34.08
OI001280_981,O001280,D0012,拍黄瓜,3,13.71,41.13,15.51
OI001280_982,O001280,D0016,面条,2,26.32,52.64,13.5
OI001281_983,O001281,D0016,面条,1,26.32,26.32,6.75
OI001281_984,O001281,D0013,凉拌木耳,2,66.33,132.66,37.5
OI001281_985,O001281,D0001,宫保鸡丁,2,72.75,145.5,36.56
OI001282_986,O001282,D0039,红豆沙,2,9.56,19.12,8.34
OI001282_987,O001282,D0010,口水鸡,1,21.01,21.01,6.75
OI001282_988,O001282,D0029,雪碧,1,62.42,62.42,17.04
OI001282_989,O001282,D0033,柠檬水,3,29.07,87.21,30.54
OI001282_990,O001282,D0019,饺子,3,47.94,143.82,61.41
OI001283_991,O001283,D0025,排骨汤,1,76.89,76.89,21.57
OI001283_992,O001283,D0038,双皮奶,3,81.48,244.44,90.39
OI001284_993,O001284,D0035,蛋糕,1,31.88,31.88,12.04
OI001284_994,O001284,D0024,酸辣汤,1,48.76,48.76,13.08
OI001284_995,O001284,D0007,回锅肉,2,23.38,46.76,12.34
OI001285_996,O001285,D0033,柠檬水,3,29.07,87.21,30.54
OI001285_997,O001285,D0011,夫妻肺片,2,29.36,58.72,25.68
OI001285_998,O001285,D0028,可乐,2,50.33,100.66,44.72
OI001285_999,O001285,D0032,咖啡,2,8.26,16.52,6.52
OI001285_1000,O001285,D0018,包子,3,78.11,234.33,73.32
OI001285_1001,O001285,D0038,双皮奶,3,81.48,244.44,90.39
OI001286_1002,O001286,D0016,面条,3,26.32,78.96,20.25
OI001286_1003,O001286,D0028,可乐,1,50.33,50.33,22.36
OI001286_1004,O001286,D0007,回锅肉,2,23.38,46.76,12.34
OI001286_1005,O001286,D0030,橙汁,1,68.07,68.07,27.48
OI001286_1006,O001286,D0037,西米露,2,51.15,102.3,41.5
OI001286_1007,O001286,D0025,排骨汤,3,76.89,230.67,64.71
OI001287_1008,O001287,D0026,鸡汤,2,71.37,142.74,47.74
OI001287_1009,O001287,D0027,豆腐汤,1,38.78,38.78,14.32
OI001288_1010,O001288,D0015,米饭,1,52.56,52.56,20.34
OI001288_1011,O001288,D0032,咖啡,2,8.26,16.52,6.52
OI001288_1012,O001288,D0012,拍黄瓜,2,13.71,27.42,10.34
OI001288_1013,O001288,D0011,夫妻肺片,3,29.36,88.08,38.52
OI001289_1014,O001289,D0002,鱼香肉丝,1,41.81,41.81,12.78
OI001289_1015,O001289,D0028,可乐,2,50.33,100.66,44.72
OI001289_1016,O001289,D0036,布丁,2,23.91,47.82,15.54
OI001290_1017,O001290,D0027,豆腐汤,2,38.78,77.56,28.64
OI001290_1018,O001290,D0014,蒜泥白肉,2,29.6,59.2,25.76
OI001290_1019,O001290,D0025,排骨汤,1,76.89,76.89,21.57
OI001290_1020,O001290,D0024,酸辣汤,3,48.76,146.28,39.24
OI001291_1021,O001291,D0035,蛋糕,2,31.88,63.76,24.08
OI001291_1022,O001291,D0019,饺子,1,47.94,47.94,20.47
OI001291_1023,O001291,D0039,红豆沙,3,9.56,28.68,12.51
OI001291_1024,O001291,D0027,豆腐汤,2,38.78,77.56,28.64
OI001291_1025,O001291,D0012,拍黄瓜,1,13.71,13.71,5.17
OI001292_1026,O001292,D0020,馒头,1,44.71,44.71,13.55
OI001292_1027,O001292,D0011,夫妻肺片,1,29.36,29.36,12.84
OI001293_1028,O001293,D0026,鸡汤,2,71.37,142.74,47.74
OI001293_1029,O001293,D0035,蛋糕,3,31.88,95.64,36.12
OI001293_1030,O001293,D0039,红豆沙,3,9.56,28.68,12.51
OI001294_1031,O001294,D0003,麻婆豆腐,1,16.18,16.18,5.27
OI001294_1032,O001294,D0025,排骨汤,3,76.89,230.67,64.71
OI001294_1033,O001294,D0012,拍黄瓜,3,13.71,41.13,15.51
OI001294_1034,O001294,D0039,红豆沙,2,9.56,19.12,8.34
OI001295_1035,O001295,D0035,蛋糕,3,31.88,95.64,36.12
OI001296_1036,O001296,D0035,蛋糕,2,31.88,63.76,24.08
OI001297_1037,O001297,D0036,布丁,1,23.91,23.91,7.77
OI001297_1038,O001297,D0024,酸辣汤,2,48.76,97.52,26.16
OI001297_1039,O001297,D0003,麻婆豆腐,1,16.18,16.18,5.27
OI001297_1040,O001297,D0029,雪碧,1,62.42,62.42,17.04
OI001297_1041,O001297,D0017,炒饭,2,40.09,80.18,21.1
OI001297_1042,O001297,D0035,蛋糕,2,31.88,63.76,24.08
OI001298_1043,O001298,D0013,凉拌木耳,3,66.33,198.99,56.25
OI001298_1044,O001298,D0017,炒饭,1,40.09,40.09,10.55
OI001299_1045,O001299,D0011,夫妻肺片,3,29.36,88.08,38.52
OI001299_1046,O001299,D0028,可乐,3,50.33,150.99,67.08
OI001299_1047,O001299,D0007,回锅肉,3,23.38,70.14,18.51
OI001300_1048,O001300,D0026,鸡汤,2,71.37,142.74,47.74
OI001300_1049,O001300,D0027,豆腐汤,1,38.78,38.78,14.32
OI001300_1050,O001300,D0030,橙汁,1,68.07,68.07,27.48
OI001300_1051,O001300,D0029,雪碧,1,62.42,62.42,17.04
OI001301_1052,O001301,D0024,酸辣汤,3,48.76,146.28,39.24
OI001301_1053,O001301,D0029,雪碧,3,62.42,187.26,51.12
OI001301_1054,O001301,D0031,奶茶,3,16.92,50.76,17.1
OI001301_1055,O001301,D0013,凉拌木耳,1,66.33,66.33,18.75
OI001301_1056,O001301,D0036,布丁,2,23.91,47.82,15.54
OI001302_1057,O001302,D0035,蛋糕,3,31.88,95.64,36.12
OI001302_1058,O001302,D0033,柠檬水,3,29.07,87.21,30.54
OI001302_1059,O001302,D0039,红豆沙,2,9.56,19.12,8.34
OI001302_1060,O001302,D0006,水煮鱼,1,31.45,31.45,11.82
OI001303_1061,O001303,D0002,鱼香肉丝,1,41.81,41.81,12.78
OI001303_1062,O001303,D0013,凉拌木耳,1,66.33,66.33,18.75
OI001304_1063,O001304,D0005,糖醋排骨,3,17.99,53.97,23.46
OI001305_1064,O001305,D0031,奶茶,1,16.92,16.92,5.7
OI001306_1065,O001306,D0038,双皮奶,2,81.48,162.96,60.26
OI001306_1066,O001306,D0006,水煮鱼,3,31.45,94.35,35.46
OI001306_1067,O001306,D0032,咖啡,2,8.26,16.52,6.52
OI001306_1068,O001306,D0028,可乐,2,50.33,100.66,44.72
OI001306_1069,O001306,D0003,麻婆豆腐,1,16.18,16.18,5.27
OI001306_1070,O001306,D0022,番茄蛋汤,3,54.77,164.31,70.59
OI001307_1071,O001307,D0021,葱油饼,1,67.6,67.6,24.19
OI001307_1072,O001307,D0009,凉拌黄瓜,3,30.24,90.72,34.2
OI001307_1073,O001307,D0036,布丁,1,23.91,23.91,7.77
OI001308_1074,O001308,D0002,鱼香肉丝,1,41.81,41.81,12.78
OI001309_1075,O001309,D0005,糖醋排骨,2,17.99,35.98,15.64
OI001310_1076,O001310,D0007,回锅肉,2,23.38,46.76,12.34
OI001310_1077,O001310,D0004,红烧肉,1,56.3,56.3,23.16
OI001310_1078,O001310,D0022,番茄蛋汤,2,54.77,109.54,47.06
OI001311_1079,O001311,D0011,夫妻肺片,2,29.36,58.72,25.68
OI001311_1080,O001311,D0017,炒饭,1,40.09,40.09,10.55
OI001311_1081,O001311,D0009,凉拌黄瓜,1,30.24,30.24,11.4
OI001312_1082,O001312,D0037,西米露,3,51.15,153.45,62.25
OI001312_1083,O001312,D0009,凉拌黄瓜,3,30.24,90.72,34.2
OI001312_1084,O001312,D0013,凉拌木耳,1,66.33,66.33,18.75
OI001312_1085,O001312,D0018,包子,1,78.11,78.11,24.44
OI001312_1086,O001312,D0022,番茄蛋汤,1,54.77,54.77,23.53
OI001313_1087,O001313,D0016,面条,1,26.32,26.32,6.75
OI001313_1088,O001313,D0019,饺子,2,47.94,95.88,40.94
OI001313_1089,O001313,D0020,馒头,1,44.71,44.71,13.55
OI001314_1090,O001314,D0010,口水鸡,3,21.01,63.03,20.25
OI001314_1091,O001314,D0028,可乐,2,50.33,100.66,44.72
OI001314_1092,O001314,D0039,红豆沙,3,9.56,28.68,12.51
OI001314_1093,O001314,D0018,包子,2,78.11,156.22,48.88
OI001314_1094,O001314,D0011,夫妻肺片,2,29.36,58.72,25.68
OI001315_1095,O001315,D0035,蛋糕,2,31.88,63.76,24.08
OI001315_1096,O001315,D0029,雪碧,2,62.42,124.84,34.08
OI001315_1097,O001315,D0022,番茄蛋汤,1,54.77,54.77,23.53
OI001316_1098,O001316,D0026,鸡汤,3,71.37,214.11,71.61
OI001316_1099,O001316,D0022,番茄蛋汤,3,54.77,164.31,70.59
OI001316_1100,O001316,D0001,宫保鸡丁,2,72.75,145.5,36.56
OI001316_1101,O001316,D0038,双皮奶,1,81.48,81.48,30.13
OI001317_1102,O001317,D0027,豆腐汤,3,38.78,116.34,42.96
OI001317_1103,O001317,D0005,糖醋排骨,2,17.99,35.98,15.64
OI001317_1104,O001317,D0026,鸡汤,2,71.37,142.74,47.74
OI001318_1105,O001318,D0003,麻婆豆腐,2,16.18,32.36,10.54
OI001319_1106,O001319,D0017,炒饭,3,40.09,120.27,31.65
OI001319_1107,O001319,D0031,奶茶,1,16.92,16.92,5.7
OI001319_1108,O001319,D0025,排骨汤,2,76.89,153.78,43.14
OI001320_1109,O001320,D0028,可乐,3,50.33,150.99,67.08
OI001320_1110,O001320,D0003,麻婆豆腐,3,16.18,48.54,15.81
OI001320_1111,O001320,D0020,馒头,3,44.71,134.13,40.65
OI001320_1112,O001320,D0018,包子,3,78.11,234.33,73.32
OI001320_1113,O001320,D0021,葱油饼,2,67.6,135.2,48.38
OI001320_1114,O001320,D0005,糖醋排骨,2,17.99,35.98,15.64
OI001321_1115,O001321,D0013,凉拌木耳,3,66.33,198.99,56.25
OI001321_1116,O001321,D0035,蛋糕,2,31.88,63.76,24.08
OI001321_1117,O001321,D0012,拍黄瓜,2,13.71,27.42,10.34
OI001321_1118,O001321,D0008,小炒黄牛肉,2,86.82,173.64,73.12
OI001321_1119,O001321,D0036,布丁,1,23.91,23.91,7.77
OI001322_1120,O001322,D0010,口水鸡,2,21.01,42.02,13.5
OI001322_1121,O001322,D0004,红烧肉,2,56.3,112.6,46.32
OI001322_1122,O001322,D0007,回锅肉,1,23.38,23.38,6.17
OI001322_1123,O001322,D0006,水煮鱼,2,31.45,62.9,23.64
OI001322_1124,O001322,D0031,奶茶,2,16.92,33.84,11.4
OI001322_1125,O001322,D0030,橙汁,2,68.07,136.14,54.96
OI001323_1126,O001323,D0029,雪碧,1,62.42,62.42,17.04
OI001323_1127,O001323,D0038,双皮奶,2,81.48,162.96,60.26
OI001323_1128,O001323,D0024,酸辣汤,1,48.76,48.76,13.08
OI001323_1129,O001323,D0012,拍黄瓜,2,13.71,27.42,10.34
OI001323_1130,O001323,D0023,紫菜蛋花汤,1,36.96,36.96,16.61
OI001323_1131,O001323,D0034,冰淇淋,1,48.61,48.61,13.19
OI001324_1132,O001324,D0001,宫保鸡丁,3,72.75,218.25,54.84
OI001325_1133,O001325,D0012,拍黄瓜,1,13.71,13.71,5.17
OI001325_1134,O001325,D0004,红烧肉,3,56.3,168.9,69.48
OI001325_1135,O001325,D0015,米饭,3,52.56,157.68,61.02
OI001325_1136,O001325,D0030,橙汁,1,68.07,68.07,27.48
OI001326_1137,O001326,D0018,包子,1,78.11,78.11,24.44
OI001326_1138,O001326,D0008,小炒黄牛肉,3,86.82,260.46,109.68
OI001326_1139,O001326,D0012,拍黄瓜,1,13.71,13.71,5.17
OI001326_1140,O001326,D0029,雪碧,2,62.42,124.84,34.08
OI001326_1141,O001326,D0019,饺子,2,47.94,95.88,40.94
OI001326_1142,O001326,D0014,蒜泥白肉,1,29.6,29.6,12.88
OI001327_1143,O001327,D0007,回锅肉,2,23.38,46.76,12.34
OI001327_1144,O001327,D0017,炒饭,2,40.09,80.18,21.1
OI001327_1145,O001327,D0006,水煮鱼,1,31.45,31.45,11.82
OI001327_1146,O001327,D0035,蛋糕,3,31.88,95.64,36.12
OI001327_1147,O001327,D0036,布丁,3,23.91,71.73,23.31
OI001328_1148,O001328,D0039,红豆沙,2,9.56,19.12,8.34
OI001328_1149,O001328,D0006,水煮鱼,3,31.45,94.35,35.46
OI001328_1150,O001328,D0015,米饭,3,52.56,157.68,61.02
OI001329_1151,O001329,D0036,布丁,1,23.91,23.91,7.77
OI001329_1152,O001329,D0001,宫保鸡丁,3,72.75,218.25,54.84
OI001330_1153,O001330,D0027,豆腐汤,2,38.78,77.56,28.64
OI001330_1154,O001330,D0015,米饭,3,52.56,157.68,61.02
OI001330_1155,O001330,D0012,拍黄瓜,3,13.71,41.13,15.51
OI001330_1156,O001330,D0010,口水鸡,3,21.01,63.03,20.25
OI001331_1157,O001331,D0009,凉拌黄瓜,2,30.24,60.48,22.8
OI001331_1158,O001331,D0003,麻婆豆腐,2,16.18,32.36,10.54
OI001331_1159,O001331,D0019,饺子,2,47.94,95.88,40.94
OI001331_1160,O001331,D0007,回锅肉,2,23.38,46.76,12.34
OI001331_1161,O001331,D0028,可乐,1,50.33,50.33,22.36
OI001331_1162,O001331,D0021,葱油饼,3,67.6,202.8,72.57
OI001332_1163,O001332,D0011,夫妻肺片,1,29.36,29.36,12.84
OI001332_1164,O001332,D0023,紫菜蛋花汤,1,36.96,36.96,16.61
OI001332_1165,O001332,D0036,布丁,1,23.91,23.91,7.77
OI001332_1166,O001332,D0009,凉拌黄瓜,1,30.24,30.24,11.4
OI001333_1167,O001333,D0021,葱油饼,1,67.6,67.6,24.19
OI001334_1168,O001334,D0006,水煮鱼,3,31.45,94.35,35.46
OI001335_1169,O001335,D0026,鸡汤,2,71.37,142.74,47.74
OI001335_1170,O001335,D0031,奶茶,3,16.92,50.76,17.1
OI001335_1171,O001335,D0036,布丁,3,23.91,71.73,23.31
OI001335_1172,O001335,D0030,橙汁,1,68.07,68.07,27.48
OI001336_1173,O001336,D0033,柠檬水,3,29.07,87.21,30.54
OI001336_1174,O001336,D0001,宫保鸡丁,3,72.75,218.25,54.84
OI001336_1175,O001336,D0016,面条,2,26.32,52.64,13.5
OI001336_1176,O001336,D0035,蛋糕,2,31.88,63.76,24.08
OI001336_1177,O001336,D0007,回锅肉,1,23.38,23.38,6.17
OI001336_1178,O001336,D0006,水煮鱼,1,31.45,31.45,11.82
OI001337_1179,O001337,D0026,鸡汤,1,71.37,71.37,23.87
OI001337_1180,O001337,D0028,可乐,1,50.33,50.33,22.36
OI001337_1181,O001337,D0011,夫妻肺片,1,29.36,29.36,12.84
OI001337_1182,O001337,D0018,包子,1,78.11,78.11,24.44
OI001338_1183,O001338,D0002,鱼香肉丝,2,41.81,83.62,25.56
OI001339_1184,O001339,D0034,冰淇淋,2,48.61,97.22,26.38
OI001339_1185,O001339,D0020,馒头,3,44.71,134.13,40.65
OI001339_1186,O001339,D0028,可乐,2,50.33,100.66,44.72
OI001340_1187,O001340,D0005,糖醋排骨,3,17.99,53.97,23.46
OI001340_1188,O001340,D0015,米饭,2,52.56,105.12,40.68
OI001340_1189,O001340,D0018,包子,3,78.11,234.33,73.32
OI001340_1190,O001340,D0003,麻婆豆腐,1,16.18,16.18,5.27
OI001340_1191,O001340,D0034,冰淇淋,3,48.61,145.83,39.57
OI001340_1192,O001340,D0023,紫菜蛋花汤,1,36.96,36.96,16.61
OI001341_1193,O001341,D0023,紫菜蛋花汤,2,36.96,73.92,33.22
OI001341_1194,O001341,D0005,糖醋排骨,1,17.99,17.99,7.82
OI001342_1195,O001342,D0024,酸辣汤,2,48.76,97.52,26.16
OI001342_1196,O001342,D0016,面条,3,26.32,78.96,20.25
OI001342_1197,O001342,D0035,蛋糕,2,31.88,63.76,24.08
OI001342_1198,O001342,D0013,凉拌木耳,2,66.33,132.66,37.5
OI001343_1199,O001343,D0006,水煮鱼,3,31.45,94.35,35.46
OI001343_1200,O001343,D0037,西米露,3,51.15,153.45,62.25
OI001343_1201,O001343,D0033,柠檬水,2,29.07,58.14,20.36
OI001343_1202,O001343,D0004,红烧肉,2,56.3,112.6,46.32
OI001343_1203,O001343,D0008,小炒黄牛肉,3,86.82,260.46,109.68
OI001343_1204,O001343,D0028,可乐,1,50.33,50.33,22.36
OI001344_1205,O001344,D0027,豆腐汤,3,38.78,116.34,42.96
OI001344_1206,O001344,D0032,咖啡,1,8.26,8.26,3.26
OI001344_1207,O001344,D0024,酸辣汤,1,48.76,48.76,13.08
OI001345_1208,O001345,D0039,红豆沙,1,9.56,9.56,4.17
OI001345_1209,O001345,D0013,凉拌木耳,2,66.33,132.66,37.5
OI001345_1210,O001345,D0025,排骨汤,1,76.89,76.89,21.57
OI001345_1211,O001345,D0021,葱油饼,3,67.6,202.8,72.57
OI001345_1212,O001345,D0008,小炒黄牛肉,3,86.82,260.46,109.68
OI001345_1213,O001345,D0012,拍黄瓜,2,13.71,27.42,10.34
OI001346_1214,O001346,D0013,凉拌木耳,1,66.33,66.33,18.75
OI001346_1215,O001346,D0015,米饭,1,52.56,52.56,20.34
OI001346_1216,O001346,D0026,鸡汤,1,71.37,71.37,23.87
OI001346_1217,O001346,D0017,炒饭,3,40.09,120.27,31.65
OI001346_1218,O001346,D0028,可乐,3,50.33,150.99,67.08
OI001347_1219,O001347,D0003,麻婆豆腐,3,16.18,48.54,15.81
OI001347_1220,O001347,D0035,蛋糕,2,31.88,63.76,24.08
OI001347_1221,O001347,D0016,面条,3,26.32,78.96,20.25
OI001347_1222,O001347,D0013,凉拌木耳,2,66.33,132.66,37.5
OI001348_1223,O001348,D0006,水煮鱼,3,31.45,94.35,35.46
OI001348_1224,O001348,D0025,排骨汤,2,76.89,153.78,43.14
OI001348_1225,O001348,D0039,红豆沙,1,9.56,9.56,4.17
OI001348_1226,O001348,D0010,口水鸡,1,21.01,21.01,6.75
OI001349_1227,O001349,D0039,红豆沙,2,9.56,19.12,8.34
OI001349_1228,O001349,D0026,鸡汤,3,71.37,214.11,71.61
OI001350_1229,O001350,D0005,糖醋排骨,2,17.99,35.98,15.64
OI001350_1230,O001350,D0032,咖啡,1,8.26,8.26,3.26
OI001350_1231,O001350,D0008,小炒黄牛肉,2,86.82,173.64,73.12
OI001350_1232,O001350,D0007,回锅肉,3,23.38,70.14,18.51
OI001350_1233,O001350,D0013,凉拌木耳,3,66.33,198.99,56.25
OI001351_1234,O001351,D0002,鱼香肉丝,1,41.81,41.81,12.78
OI001351_1235,O001351,D0030,橙汁,3,68.07,204.21,82.44
OI001351_1236,O001351,D0014,蒜泥白肉,2,29.6,59.2,25.76
OI001351_1237,O001351,D0007,回锅肉,3,23.38,70.14,18.51
OI001351_1238,O001351,D0028,可乐,2,50.33,100.66,44.72
OI001351_1239,O001351,D0027,豆腐汤,3,38.78,116.34,42.96
OI001352_1240,O001352,D0032,咖啡,3,8.26,24.78,9.78
OI001352_1241,O001352,D0019,饺子,3,47.94,143.82,61.41
OI001352_1242,O001352,D0024,酸辣汤,3,48.76,146.28,39.24
OI001353_1243,O001353,D0020,馒头,3,44.71,134.13,40.65
OI001353_1244,O001353,D0006,水煮鱼,1,31.45,31.45,11.82
OI001354_1245,O001354,D0021,葱油饼,2,67.6,135.2,48.38
OI001355_1246,O001355,D0024,酸辣汤,3,48.76,146.28,39.24
OI001355_1247,O001355,D0029,雪碧,2,62.42,124.84,34.08
OI001355_1248,O001355,D0008,小炒黄牛肉,2,86.82,173.64,73.12
OI001356_1249,O001356,D0017,炒饭,1,40.09,40.09,10.55
OI001356_1250,O001356,D0013,凉拌木耳,3,66.33,198.99,56.25
OI001356_1251,O001356,D0016,面条,3,26.32,78.96,20.25
OI001356_1252,O001356,D0019,饺子,3,47.94,143.82,61.41
OI001357_1253,O001357,D0007,回锅肉,3,23.38,70.14,18.51
OI001357_1254,O001357,D0003,麻婆豆腐,2,16.18,32.36,10.54
OI001358_1255,O001358,D0014,蒜泥白肉,2,29.6,59.2,25.76
OI001358_1256,O001358,D0023,紫菜蛋花汤,1,36.96,36.96,16.61
OI001358_1257,O001358,D0036,布丁,3,23.91,71.73,23.31
OI001358_1258,O001358,D0007,回锅肉,1,23.38,23.38,6.17
OI001359_1259,O001359,D0019,饺子,3,47.94,143.82,61.41
OI001359_1260,O001359,D0023,紫菜蛋花汤,3,36.96,110.88,49.83
OI001359_1261,O001359,D0015,米饭,3,52.56,157.68,61.02
OI001360_1262,O001360,D0012,拍黄瓜,3,13.71,41.13,15.51
OI001360_1263,O001360,D0030,橙汁,1,68.07,68.07,27.48
OI001360_1264,O001360,D0022,番茄蛋汤,2,54.77,109.54,47.06
OI001360_1265,O001360,D0001,宫保鸡丁,1,72.75,72.75,18.28
OI001361_1266,O001361,D0034,冰淇淋,1,48.61,48.61,13.19
OI001361_1267,O001361,D0039,红豆沙,1,9.56,9.56,4.17
OI001362_1268,O001362,D0024,酸辣汤,3,48.76,146.28,39.24
OI001363_1269,O001363,D0017,炒饭,1,40.09,40.09,10.55
OI001363_1270,O001363,D0005,糖醋排骨,3,17.99,53.97,23.46
OI001363_1271,O001363,D0004,红烧肉,1,56.3,56.3,23.16
OI001364_1272,O001364,D0005,糖醋排骨,1,17.99,17.99,7.82
OI001364_1273,O001364,D0021,葱油饼,1,67.6,67.6,24.19
OI001364_1274,O001364,D0003,麻婆豆腐,1,16.18,16.18,5.27
OI001364_1275,O001364,D0032,咖啡,1,8.26,8.26,3.26
OI001365_1276,O001365,D0022,番茄蛋汤,3,54.77,164.31,70.59
OI001365_1277,O001365,D0009,凉拌黄瓜,2,30.24,60.48,22.8
OI001365_1278,O001365,D0005,糖醋排骨,3,17.99,53.97,23.46
OI001365_1279,O001365,D0027,豆腐汤,3,38.78,116.34,42.96
OI001366_1280,O001366,D0013,凉拌木耳,2,66.33,132.66,37.5
OI001366_1281,O001366,D0038,双皮奶,3,81.48,244.44,90.39
OI001366_1282,O001366,D0008,小炒黄牛肉,3,86.82,260.46,109.68
OI001366_1283,O001366,D0026,鸡汤,2,71.37,142.74,47.74
OI001367_1284,O001367,D0008,小炒黄牛肉,2,86.82,173.64,73.12
OI001367_1285,O001367,D0026,鸡汤,3,71.37,214.11,71.61
OI001367_1286,O001367,D0009,凉拌黄瓜,1,30.24,30.24,11.4
OI001368_1287,O001368,D0008,小炒黄牛肉,2,86.82,173.64,73.12
OI001369_1288,O001369,D0009,凉拌黄瓜,1,30.24,30.24,11.4
OI001369_1289,O001369,D0037,西米露,3,51.15,153.45,62.25
OI001369_1290,O001369,D0039,红豆沙,1,9.56,9.56,4.17
OI001369_1291,O001369,D0011,夫妻肺片,1,29.36,29.36,12.84
OI001369_1292,O001369,D0021,葱油饼,3,67.6,202.8,72.57
OI001370_1293,O001370,D0022,番茄蛋汤,2,54.77,109.54,47.06
OI001370_1294,O001370,D0027,豆腐汤,3,38.78,116.34,42.96
OI001370_1295,O001370,D0037,西米露,1,51.15,51.15,20.75
OI001371_1296,O001371,D0026,鸡汤,2,71.37,142.74,47.74
OI001371_1297,O001371,D0005,糖醋排骨,2,17.99,35.98,15.64
OI001371_1298,O001371,D0038,双皮奶,3,81.48,244.44,90.39
OI001371_1299,O001371,D0001,宫保鸡丁,3,72.75,218.25,54.84
OI001371_1300,O001371,D0031,奶茶,2,16.92,33.84,11.4
OI001371_1301,O001371,D0024,酸辣汤,3,48.76,146.28,39.24
OI001372_1302,O001372,D0020,馒头,3,44.71,134.13,40.65
OI001372_1303,O001372,D0004,红烧肉,1,56.3,56.3,23.16
OI001372_1304,O001372,D0032,咖啡,2,8.26,16.52,6.52
OI001373_1305,O001373,D0001,宫保鸡丁,2,72.75,145.5,36.56
OI001373_1306,O001373,D0022,番茄蛋汤,3,54.77,164.31,70.59
OI001373_1307,O001373,D0038,双皮奶,3,81.48,244.44,90.39
OI001373_1308,O001373,D0003,麻婆豆腐,3,16.18,48.54,15.81
OI001373_1309,O001373,D0002,鱼香肉丝,3,41.81,125.43,38.34
OI001373_1310,O001373,D0025,排骨汤,2,76.89,153.78,43.14
OI001374_1311,O001374,D0003,麻婆豆腐,3,16.18,48.54,15.81
OI001375_1312,O001375,D0014,蒜泥白肉,3,29.6,88.8,38.64
OI001375_1313,O001375,D0025,排骨汤,1,76.89,76.89,21.57
OI001375_1314,O001375,D0034,冰淇淋,1,48.61,48.61,13.19
OI001375_1315,O001375,D0002,鱼香肉丝,2,41.81,83.62,25.56
OI001375_1316,O001375,D0038,双皮奶,2,81.48,162.96,60.26
OI001375_1317,O001375,D0008,小炒黄牛肉,1,86.82,86.82,36.56
OI001376_1318,O001376,D0029,雪碧,2,62.42,124.84,34.08
OI001376_1319,O001376,D0007,回锅肉,1,23.38,23.38,6.17
OI001376_1320,O001376,D0015,米饭,2,52.56,105.12,40.68
OI001376_1321,O001376,D0028,可乐,3,50.33,150.99,67.08
OI001377_1322,O001377,D0005,糖醋排骨,2,17.99,35.98,15.64
OI001377_1323,O001377,D0031,奶茶,2,16.92,33.84,11.4
OI001377_1324,O001377,D0017,炒饭,2,40.09,80.18,21.1
OI001377_1325,O001377,D0030,橙汁,3,68.07,204.21,82.44
OI001377_1326,O001377,D0026,鸡汤,3,71.37,214.11,71.61
OI001377_1327,O001377,D0002,鱼香肉丝,3,41.81,125.43,38.34
OI001378_1328,O001378,D0009,凉拌黄瓜,2,30.24,60.48,22.8
OI001378_1329,O001378,D0012,拍黄瓜,1,13.71,13.71,5.17
OI001378_1330,O001378,D0023,紫菜蛋花汤,3,36.96,110.88,49.83
OI001378_1331,O001378,D0039,红豆沙,1,9.56,9.56,4.17
OI001378_1332,O001378,D0021,葱油饼,3,67.6,202.8,72.57
OI001378_1333,O001378,D0004,红烧肉,1,56.3,56.3,23.16
OI001379_1334,O001379,D0036,布丁,2,23.91,47.82,15.54
OI001380_1335,O001380,D0003,麻婆豆腐,2,16.18,32.36,10.54
OI001380_1336,O001380,D0025,排骨汤,2,76.89,153.78,43.14
OI001380_1337,O001380,D0022,番茄蛋汤,1,54.77,54.77,23.53
OI001380_1338,O001380,D0016,面条,3,26.32,78.96,20.25
OI001381_1339,O001381,D0034,冰淇淋,2,48.61,97.22,26.38
OI001381_1340,O001381,D0037,西米露,3,51.15,153.45,62.25
OI001381_1341,O001381,D0013,凉拌木耳,3,66.33,198.99,56.25
OI001381_1342,O001381,D0011,夫妻肺片,3,29.36,88.08,38.52
OI001382_1343,O001382,D0031,奶茶,1,16.92,16.92,5.7
OI001382_1344,O001382,D0015,米饭,1,52.56,52.56,20.34
OI001383_1345,O001383,D0003,麻婆豆腐,2,16.18,32.36,10.54
OI001384_1346,O001384,D0009,凉拌黄瓜,3,30.24,90.72,34.2
OI001385_1347,O001385,D0013,凉拌木耳,2,66.33,132.66,37.5
OI001385_1348,O001385,D0002,鱼香肉丝,1,41.81,41.81,12.78
OI001385_1349,O001385,D0008,小炒黄牛肉,3,86.82,260.46,109.68
OI001385_1350,O001385,D0038,双皮奶,3,81.48,244.44,90.39
OI001385_1351,O001385,D0033,柠檬水,3,29.07,87.21,30.54
OI001386_1352,O001386,D0025,排骨汤,3,76.89,230.67,64.71
OI001387_1353,O001387,D0031,奶茶,2,16.92,33.84,11.4
OI001387_1354,O001387,D0014,蒜泥白肉,3,29.6,88.8,38.64
OI001387_1355,O001387,D0013,凉拌木耳,2,66.33,132.66,37.5
OI001387_1356,O001387,D0036,布丁,3,23.91,71.73,23.31
OI001387_1357,O001387,D0016,面条,2,26.32,52.64,13.5
OI001387_1358,O001387,D0001,宫保鸡丁,3,72.75,218.25,54.84
OI001388_1359,O001388,D0030,橙汁,1,68.07,68.07,27.48
OI001388_1360,O001388,D0028,可乐,1,50.33,50.33,22.36
OI001388_1361,O001388,D0010,口水鸡,2,21.01,42.02,13.5
OI001388_1362,O001388,D0021,葱油饼,2,67.6,135.2,48.38
OI001389_1363,O001389,D0028,可乐,1,50.33,50.33,22.36
OI001389_1364,O001389,D0026,鸡汤,1,71.37,71.37,23.87
OI001389_1365,O001389,D0006,水煮鱼,3,31.45,94.35,35.46
OI001389_1366,O001389,D0023,紫菜蛋花汤,2,36.96,73.92,33.22
OI001389_1367,O001389,D0005,糖醋排骨,1,17.99,17.99,7.82
OI001389_1368,O001389,D0013,凉拌木耳,1,66.33,66.33,18.75
OI001390_1369,O001390,D0038,双皮奶,1,81.48,81.48,30.13
OI001390_1370,O001390,D0009,凉拌黄瓜,1,30.24,30.24,11.4
OI001390_1371,O001390,D0025,排骨汤,3,76.89,230.67,64.71
OI001390_1372,O001390,D0003,麻婆豆腐,3,16.18,48.54,15.81
OI001391_1373,O001391,D0009,凉拌黄瓜,3,30.24,90.72,34.2
OI001391_1374,O001391,D0017,炒饭,1,40.09,40.09,10.55
OI001391_1375,O001391,D0014,蒜泥白肉,3,29.6,88.8,38.64
OI001391_1376,O001391,D0015,米饭,1,52.56,52.56,20.34
OI001391_1377,O001391,D0008,小炒黄牛肉,3,86.82,260.46,109.68
OI001391_1378,O001391,D0035,蛋糕,3,31.88,95.64,36.12
OI001392_1379,O001392,D0019,饺子,2,47.94,95.88,40.94
OI001392_1380,O001392,D0036,布丁,2,23.91,47.82,15.54
OI001392_1381,O001392,D0009,凉拌黄瓜,1,30.24,30.24,11.4
OI001392_1382,O001392,D0025,排骨汤,2,76.89,153.78,43.14
OI001392_1383,O001392,D0026,鸡汤,3,71.37,214.11,71.61
OI001392_1384,O001392,D0013,凉拌木耳,3,66.33,198.99,56.25
OI001393_1385,O001393,D0038,双皮奶,2,81.48,162.96,60.26
OI001393_1386,O001393,D0036,布丁,3,23.91,71.73,23.31
OI001393_1387,O001393,D0029,雪碧,2,62.42,124.84,34.08
OI001393_1388,O001393,D0035,蛋糕,3,31.88,95.64,36.12
OI001393_1389,O001393,D0030,橙汁,2,68.07,136.14,54.96
OI001393_1390,O001393,D0021,葱油饼,1,67.6,67.6,24.19
OI001394_1391,O001394,D0015,米饭,3,52.56,157.68,61.02
OI001394_1392,O001394,D0018,包子,2,78.11,156.22,48.88
OI001394_1393,O001394,D0024,酸辣汤,1,48.76,48.76,13.08
OI001394_1394,O001394,D0026,鸡汤,1,71.37,71.37,23.87
OI001394_1395,O001394,D0036,布丁,3,23.91,71.73,23.31
OI001395_1396,O001395,D0036,布丁,3,23.91,71.73,23.31
OI001395_1397,O001395,D0037,西米露,2,51.15,102.3,41.5
OI001395_1398,O001395,D0006,水煮鱼,1,31.45,31.45,11.82
OI001395_1399,O001395,D0031,奶茶,2,16.92,33.84,11.4
OI001395_1400,O001395,D0004,红烧肉,3,56.3,168.9,69.48
OI001396_1401,O001396,D0022,番茄蛋汤,1,54.77,54.77,23.53
OI001396_1402,O001396,D0004,红烧肉,2,56.3,112.6,46.32
OI001396_1403,O001396,D0001,宫保鸡丁,2,72.75,145.5,36.56
OI001396_1404,O001396,D0021,葱油饼,3,67.6,202.8,72.57
OI001396_1405,O001396,D0029,雪碧,3,62.42,187.26,51.12
OI001396_1406,O001396,D0009,凉拌黄瓜,1,30.24,30.24,11.4
OI001397_1407,O001397,D0014,蒜泥白肉,1,29.6,29.6,12.88
OI001397_1408,O001397,D0025,排骨汤,2,76.89,153.78,43.14
OI001397_1409,O001397,D0037,西米露,2,51.15,102.3,41.5
OI001397_1410,O001397,D0003,麻婆豆腐,2,16.18,32.36,10.54
OI001397_1411,O001397,D0026,鸡汤,3,71.37,214.11,71.61
OI001398_1412,O001398,D0005,糖醋排骨,2,17.99,35.98,15.64
OI001398_1413,O001398,D0025,排骨汤,2,76.89,153.78,43.14
OI001399_1414,O001399,D0028,可乐,1,50.33,50.33,22.36
OI001399_1415,O001399,D0020,馒头,2,44.71,89.42,27.1
OI001399_1416,O001399,D0008,小炒黄牛肉,1,86.82,86.82,36.56
OI001399_1417,O001399,D0019,饺子,2,47.94,95.88,40.94
OI001400_1418,O001400,D0003,麻婆豆腐,3,16.18,48.54,15.81
OI001400_1419,O001400,D0016,面条,2,26.32,52.64,13.5
OI001400_1420,O001400,D0038,双皮奶,2,81.48,162.96,60.26
OI001400_1421,O001400,D0036,布丁,3,23.91,71.73,23.31
OI001401_1422,O001401,D0025,排骨汤,3,76.89,230.67,64.71
OI001401_1423,O001401,D0004,红烧肉,3,56.3,168.9,69.48
OI001401_1424,O001401,D0023,紫菜蛋花汤,1,36.96,36.96,16.61
OI001401_1425,O001401,D0013,凉拌木耳,3,66.33,198.99,56.25
OI001401_1426,O001401,D0030,橙汁,1,68.07,68.07,27.48
OI001401_1427,O001401,D0007,回锅肉,2,23.38,46.76,12.34
OI001402_1428,O001402,D0019,饺子,1,47.94,47.94,20.47
OI001402_1429,O001402,D0026,鸡汤,1,71.37,71.37,23.87
OI001402_1430,O001402,D0032,咖啡,2,8.26,16.52,6.52
OI001402_1431,O001402,D0029,雪碧,3,62.42,187.26,51.12
OI001403_1432,O001403,D0006,水煮鱼,1,31.45,31.45,11.82
OI001403_1433,O001403,D0011,夫妻肺片,3,29.36,88.08,38.52
OI001404_1434,O001404,D0038,双皮奶,2,81.48,162.96,60.26
OI001404_1435,O001404,D0019,饺子,1,47.94,47.94,20.47
OI001404_1436,O001404,D0010,口水鸡,1,21.01,21.01,6.75
OI001404_1437,O001404,D0029,雪碧,2,62.42,124.84,34.08
OI001404_1438,O001404,D0028,可乐,2,50.33,100.66,44.72
OI001405_1439,O001405,D0016,面条,1,26.32,26.32,6.75
OI001405_1440,O001405,D0032,咖啡,1,8.26,8.26,3.26
OI001405_1441,O001405,D0020,馒头,3,44.71,134.13,40.65
OI001405_1442,O001405,D0035,蛋糕,3,31.88,95.64,36.12
OI001405_1443,O001405,D0004,红烧肉,2,56.3,112.6,46.32
OI001406_1444,O001406,D0014,蒜泥白肉,1,29.6,29.6,12.88
OI001406_1445,O001406,D0035,蛋糕,2,31.88,63.76,24.08
OI001406_1446,O001406,D0017,炒饭,2,40.09,80.18,21.1
OI001406_1447,O001406,D0019,饺子,3,47.94,143.82,61.41
OI001407_1448,O001407,D0013,凉拌木耳,3,66.33,198.99,56.25
OI001407_1449,O001407,D0037,西米露,2,51.15,102.3,41.5
OI001407_1450,O001407,D0033,柠檬水,3,29.07,87.21,30.54
OI001407_1451,O001407,D0002,鱼香肉丝,3,41.81,125.43,38.34
OI001407_1452,O001407,D0030,橙汁,1,68.07,68.07,27.48
OI001407_1453,O001407,D0036,布丁,3,23.91,71.73,23.31
OI001408_1454,O001408,D0017,炒饭,1,40.09,40.09,10.55
OI001408_1455,O001408,D0019,饺子,2,47.94,95.88,40.94
OI001408_1456,O001408,D0014,蒜泥白肉,3,29.6,88.8,38.64
OI001408_1457,O001408,D0021,葱油饼,1,67.6,67.6,24.19
OI001408_1458,O001408,D0023,紫菜蛋花汤,1,36.96,36.96,16.61
OI001409_1459,O001409,D0024,酸辣汤,1,48.76,48.76,13.08
OI001409_1460,O001409,D0035,蛋糕,3,31.88,95.64,36.12
OI001409_1461,O001409,D0003,麻婆豆腐,3,16.18,48.54,15.81
OI001409_1462,O001409,D0032,咖啡,2,8.26,16.52,6.52
OI001410_1463,O001410,D0036,布丁,2,23.91,47.82,15.54
OI001410_1464,O001410,D0020,馒头,2,44.71,89.42,27.1
OI001410_1465,O001410,D0037,西米露,2,51.15,102.3,41.5
OI001410_1466,O001410,D0033,柠檬水,1,29.07,29.07,10.18
OI001410_1467,O001410,D0009,凉拌黄瓜,1,30.24,30.24,11.4
OI001411_1468,O001411,D0029,雪碧,3,62.42,187.26,51.12
OI001411_1469,O001411,D0032,咖啡,1,8.26,8.26,3.26
OI001411_1470,O001411,D0027,豆腐汤,1,38.78,38.78,14.32
OI001411_1471,O001411,D0013,凉拌木耳,3,66.33,198.99,56.25
OI001412_1472,O001412,D0035,蛋糕,2,31.88,63.76,24.08
OI001412_1473,O001412,D0031,奶茶,2,16.92,33.84,11.4
OI001412_1474,O001412,D0023,紫菜蛋花汤,1,36.96,36.96,16.61
OI001413_1475,O001413,D0034,冰淇淋,2,48.61,97.22,26.38
OI001414_1476,O001414,D0017,炒饭,1,40.09,40.09,10.55
OI001414_1477,O001414,D0002,鱼香肉丝,2,41.81,83.62,25.56
OI001415_1478,O001415,D0003,麻婆豆腐,1,16.18,16.18,5.27
OI001415_1479,O001415,D0001,宫保鸡丁,3,72.75,218.25,54.84
OI001415_1480,O001415,D0030,橙汁,3,68.07,204.21,82.44
OI001415_1481,O001415,D0031,奶茶,1,16.92,16.92,5.7
OI001416_1482,O001416,D0014,蒜泥白肉,2,29.6,59.2,25.76
OI001416_1483,O001416,D0022,番茄蛋汤,1,54.77,54.77,23.53
OI001416_1484,O001416,D0001,宫保鸡丁,1,72.75,72.75,18.28
OI001416_1485,O001416,D0039,红豆沙,2,9.56,19.12,8.34
OI001416_1486,O001416,D0023,紫菜蛋花汤,3,36.96,110.88,49.83
OI001417_1487,O001417,D0017,炒饭,2,40.09,80.18,21.1
OI001417_1488,O001417,D0035,蛋糕,3,31.88,95.64,36.12
OI001417_1489,O001417,D0026,鸡汤,1,71.37,71.37,23.87
OI001417_1490,O001417,D0002,鱼香肉丝,3,41.81,125.43,38.34
OI001418_1491,O001418,D0001,宫保鸡丁,1,72.75,72.75,18.28
OI001419_1492,O001419,D0025,排骨汤,3,76.89,230.67,64.71
OI001419_1493,O001419,D0022,番茄蛋汤,2,54.77,109.54,47.06
OI001419_1494,O001419,D0001,宫保鸡丁,3,72.75,218.25,54.84
OI001420_1495,O001420,D0003,麻婆豆腐,1,16.18,16.18,5.27
OI001420_1496,O001420,D0016,面条,3,26.32,78.96,20.25
OI001420_1497,O001420,D0036,布丁,1,23.91,23.91,7.77
OI001420_1498,O001420,D0005,糖醋排骨,3,17.99,53.97,23.46
OI001420_1499,O001420,D0037,西米露,2,51.15,102.3,41.5
OI001420_1500,O001420,D0010,口水鸡,1,21.01,21.01,6.75
OI001421_1501,O001421,D0017,炒饭,3,40.09,120.27,31.65
OI001422_1502,O001422,D0017,炒饭,2,40.09,80.18,21.1
OI001422_1503,O001422,D0028,可乐,2,50.33,100.66,44.72
OI001422_1504,O001422,D0019,饺子,1,47.94,47.94,20.47
OI001422_1505,O001422,D0001,宫保鸡丁,3,72.75,218.25,54.84
OI001422_1506,O001422,D0024,酸辣汤,1,48.76,48.76,13.08
OI001423_1507,O001423,D0002,鱼香肉丝,3,41.81,125.43,38.34
OI001423_1508,O001423,D0011,夫妻肺片,2,29.36,58.72,25.68
OI001423_1509,O001423,D0003,麻婆豆腐,1,16.18,16.18,5.27
OI001423_1510,O001423,D0027,豆腐汤,1,38.78,38.78,14.32
OI001423_1511,O001423,D0013,凉拌木耳,3,66.33,198.99,56.25
OI001423_1512,O001423,D0032,咖啡,3,8.26,24.78,9.78
OI001424_1513,O001424,D0039,红豆沙,3,9.56,28.68,12.51
OI001424_1514,O001424,D0015,米饭,1,52.56,52.56,20.34
OI001424_1515,O001424,D0020,馒头,1,44.71,44.71,13.55
OI001424_1516,O001424,D0013,凉拌木耳,1,66.33,66.33,18.75
OI001424_1517,O001424,D0009,凉拌黄瓜,3,30.24,90.72,34.2
OI001424_1518,O001424,D0007,回锅肉,2,23.38,46.76,12.34
OI001425_1519,O001425,D0009,凉拌黄瓜,3,30.24,90.72,34.2
OI001425_1520,O001425,D0026,鸡汤,3,71.37,214.11,71.61
OI001425_1521,O001425,D0001,宫保鸡丁,3,72.75,218.25,54.84
OI001425_1522,O001425,D0008,小炒黄牛肉,3,86.82,260.46,109.68
OI001425_1523,O001425,D0037,西米露,1,51.15,51.15,20.75
OI001426_1524,O001426,D0036,布丁,3,23.91,71.73,23.31
OI001426_1525,O001426,D0033,柠檬水,2,29.07,58.14,20.36
OI001426_1526,O001426,D0027,豆腐汤,1,38.78,38.78,14.32
OI001426_1527,O001426,D0023,紫菜蛋花汤,3,36.96,110.88,49.83
OI001426_1528,O001426,D0039,红豆沙,1,9.56,9.56,4.17
OI001427_1529,O001427,D0037,西米露,2,51.15,102.3,41.5
OI001428_1530,O001428,D0010,口水鸡,3,21.01,63.03,20.25
OI001429_1531,O001429,D0010,口水鸡,3,21.01,63.03,20.25
OI001430_1532,O001430,D0007,回锅肉,3,23.38,70.14,18.51
OI001430_1533,O001430,D0016,面条,1,26.32,26.32,6.75
OI001430_1534,O001430,D0006,水煮鱼,1,31.45,31.45,11.82
OI001430_1535,O001430,D0005,糖醋排骨,2,17.99,35.98,15.64
OI001430_1536,O001430,D0012,拍黄瓜,2,13.71,27.42,10.34
OI001430_1537,O001430,D0029,雪碧,1,62.42,62.42,17.04
OI001431_1538,O001431,D0001,宫保鸡丁,2,72.75,145.5,36.56
OI001432_1539,O001432,D0019,饺子,1,47.94,47.94,20.47
OI001432_1540,O001432,D0033,柠檬水,1,29.07,29.07,10.18
OI001432_1541,O001432,D0003,麻婆豆腐,1,16.18,16.18,5.27
OI001432_1542,O001432,D0014,蒜泥白肉,1,29.6,29.6,12.88
OI001432_1543,O001432,D0034,冰淇淋,2,48.61,97.22,26.38
OI001433_1544,O001433,D0031,奶茶,1,16.92,16.92,5.7
OI001434_1545,O001434,D0035,蛋糕,3,31.88,95.64,36.12
OI001434_1546,O001434,D0034,冰淇淋,3,48.61,145.83,39.57
OI001434_1547,O001434,D0006,水煮鱼,1,31.45,31.45,11.82
OI001434_1548,O001434,D0018,包子,2,78.11,156.22,48.88
OI001434_1549,O001434,D0028,可乐,2,50.33,100.66,44.72
OI001435_1550,O001435,D0031,奶茶,2,16.92,33.84,11.4
OI001436_1551,O001436,D0033,柠檬水,3,29.07,87.21,30.54
OI001436_1552,O001436,D0010,口水鸡,1,21.01,21.01,6.75
OI001437_1553,O001437,D0003,麻婆豆腐,1,16.18,16.18,5.27
OI001438_1554,O001438,D0001,宫保鸡丁,1,72.75,72.75,18.28
OI001438_1555,O001438,D0019,饺子,2,47.94,95.88,40.94
OI001439_1556,O001439,D0036,布丁,1,23.91,23.91,7.77
OI001440_1557,O001440,D0015,米饭,2,52.56,105.12,40.68
OI001441_1558,O001441,D0021,葱油饼,3,67.6,202.8,72.57
OI001441_1559,O001441,D0037,西米露,2,51.15,102.3,41.5
OI001441_1560,O001441,D0018,包子,2,78.11,156.22,48.88
OI001442_1561,O001442,D0030,橙汁,1,68.07,68.07,27.48
OI001442_1562,O001442,D0011,夫妻肺片,2,29.36,58.72,25.68
OI001442_1563,O001442,D0014,蒜泥白肉,3,29.6,88.8,38.64
OI001442_1564,O001442,D0002,鱼香肉丝,1,41.81,41.81,12.78
OI001442_1565,O001442,D0009,凉拌黄瓜,1,30.24,30.24,11.4
OI001442_1566,O001442,D0035,蛋糕,2,31.88,63.76,24.08
OI001443_1567,O001443,D0032,咖啡,2,8.26,16.52,6.52
OI001444_1568,O001444,D0027,豆腐汤,1,38.78,38.78,14.32
OI001444_1569,O001444,D0036,布丁,1,23.91,23.91,7.77
OI001444_1570,O001444,D0024,酸辣汤,1,48.76,48.76,13.08
OI001445_1571,O001445,D0011,夫妻肺片,1,29.36,29.36,12.84
OI001445_1572,O001445,D0013,凉拌木耳,1,66.33,66.33,18.75
OI001446_1573,O001446,D0023,紫菜蛋花汤,2,36.96,73.92,33.22
OI001447_1574,O001447,D0039,红豆沙,3,9.56,28.68,12.51
OI001447_1575,O001447,D0033,柠檬水,2,29.07,58.14,20.36
OI001447_1576,O001447,D0038,双皮奶,3,81.48,244.44,90.39
OI001447_1577,O001447,D0009,凉拌黄瓜,1,30.24,30.24,11.4
OI001447_1578,O001447,D0007,回锅肉,1,23.38,23.38,6.17
OI001448_1579,O001448,D0007,回锅肉,3,23.38,70.14,18.51
OI001448_1580,O001448,D0012,拍黄瓜,1,13.71,13.71,5.17
OI001448_1581,O001448,D0024,酸辣汤,1,48.76,48.76,13.08
OI001448_1582,O001448,D0029,雪碧,3,62.42,187.26,51.12
OI001449_1583,O001449,D0021,葱油饼,3,67.6,202.8,72.57
OI001449_1584,O001449,D0005,糖醋排骨,3,17.99,53.97,23.46
OI001450_1585,O001450,D0026,鸡汤,3,71.37,214.11,71.61
OI001450_1586,O001450,D0037,西米露,2,51.15,102.3,41.5
OI001450_1587,O001450,D0009,凉拌黄瓜,2,30.24,60.48,22.8
OI001450_1588,O001450,D0012,拍黄瓜,3,13.71,41.13,15.51
OI001450_1589,O001450,D0031,奶茶,2,16.92,33.84,11.4
OI001450_1590,O001450,D0002,鱼香肉丝,1,41.81,41.81,12.78
OI001451_1591,O001451,D0017,炒饭,2,40.09,80.18,21.1
OI001451_1592,O001451,D0018,包子,3,78.11,234.33,73.32
OI001451_1593,O001451,D0004,红烧肉,3,56.3,168.9,69.48
OI001451_1594,O001451,D0020,馒头,3,44.71,134.13,40.65
OI001451_1595,O001451,D0022,番茄蛋汤,1,54.77,54.77,23.53
OI001452_1596,O001452,D0005,糖醋排骨,3,17.99,53.97,23.46
OI001452_1597,O001452,D0011,夫妻肺片,1,29.36,29.36,12.84
OI001452_1598,O001452,D0028,可乐,2,50.33,100.66,44.72
OI001452_1599,O001452,D0004,红烧肉,2,56.3,112.6,46.32
OI001453_1600,O001453,D0001,宫保鸡丁,2,72.75,145.5,36.56
OI001454_1601,O001454,D0022,番茄蛋汤,2,54.77,109.54,47.06
OI001454_1602,O001454,D0013,凉拌木耳,2,66.33,132.66,37.5
OI001454_1603,O001454,D0014,蒜泥白肉,1,29.6,29.6,12.88
OI001455_1604,O001455,D0028,可乐,3,50.33,150.99,67.08
OI001455_1605,O001455,D0033,柠檬水,3,29.07,87.21,30.54
OI001455_1606,O001455,D0039,红豆沙,3,9.56,28.68,12.51
OI001455_1607,O001455,D0021,葱油饼,1,67.6,67.6,24.19
OI001455_1608,O001455,D0009,凉拌黄瓜,2,30.24,60.48,22.8
OI001456_1609,O001456,D0025,排骨汤,2,76.89,153.78,43.14
OI001456_1610,O001456,D0038,双皮奶,2,81.48,162.96,60.26
OI001456_1611,O001456,D0019,饺子,3,47.94,143.82,61.41
OI001457_1612,O001457,D0027,豆腐汤,2,38.78,77.56,28.64
OI001457_1613,O001457,D0037,西米露,2,51.15,102.3,41.5
OI001457_1614,O001457,D0025,排骨汤,2,76.89,153.78,43.14
OI001458_1615,O001458,D0030,橙汁,1,68.07,68.07,27.48
OI001458_1616,O001458,D0019,饺子,3,47.94,143.82,61.41
OI001459_1617,O001459,D0005,糖醋排骨,1,17.99,17.99,7.82
OI001459_1618,O001459,D0010,口水鸡,2,21.01,42.02,13.5
OI001459_1619,O001459,D0025,排骨汤,1,76.89,76.89,21.57
OI001460_1620,O001460,D0017,炒饭,1,40.09,40.09,10.55
OI001460_1621,O001460,D0008,小炒黄牛肉,2,86.82,173.64,73.12
OI001460_1622,O001460,D0001,宫保鸡丁,3,72.75,218.25,54.84
OI001460_1623,O001460,D0028,可乐,1,50.33,50.33,22.36
OI001460_1624,O001460,D0009,凉拌黄瓜,2,30.24,60.48,22.8
OI001461_1625,O001461,D0008,小炒黄牛肉,2,86.82,173.64,73.12
OI001461_1626,O001461,D0036,布丁,2,23.91,47.82,15.54
OI001461_1627,O001461,D0037,西米露,3,51.15,153.45,62.25
OI001461_1628,O001461,D0025,排骨汤,1,76.89,76.89,21.57
OI001461_1629,O001461,D0032,咖啡,3,8.26,24.78,9.78
OI001462_1630,O001462,D0023,紫菜蛋花汤,2,36.96,73.92,33.22
OI001462_1631,O001462,D0014,蒜泥白肉,1,29.6,29.6,12.88
OI001462_1632,O001462,D0031,奶茶,2,16.92,33.84,11.4
OI001462_1633,O001462,D0027,豆腐汤,1,38.78,38.78,14.32
OI001463_1634,O001463,D0004,红烧肉,1,56.3,56.3,23.16
OI001463_1635,O001463,D0019,饺子,1,47.94,47.94,20.47
OI001463_1636,O001463,D0026,鸡汤,1,71.37,71.37,23.87
OI001464_1637,O001464,D0021,葱油饼,2,67.6,135.2,48.38
OI001464_1638,O001464,D0006,水煮鱼,1,31.45,31.45,11.82
OI001464_1639,O001464,D0016,面条,1,26.32,26.32,6.75
OI001464_1640,O001464,D0013,凉拌木耳,2,66.33,132.66,37.5
OI001465_1641,O001465,D0034,冰淇淋,2,48.61,97.22,26.38
OI001465_1642,O001465,D0015,米饭,1,52.56,52.56,20.34
OI001465_1643,O001465,D0003,麻婆豆腐,1,16.18,16.18,5.27
OI001465_1644,O001465,D0012,拍黄瓜,1,13.71,13.71,5.17
OI001466_1645,O001466,D0002,鱼香肉丝,2,41.81,83.62,25.56
OI001466_1646,O001466,D0020,馒头,2,44.71,89.42,27.1
OI001467_1647,O001467,D0003,麻婆豆腐,2,16.18,32.36,10.54
OI001467_1648,O001467,D0001,宫保鸡丁,1,72.75,72.75,18.28
OI001467_1649,O001467,D0007,回锅肉,1,23.38,23.38,6.17
OI001467_1650,O001467,D0039,红豆沙,1,9.56,9.56,4.17
OI001468_1651,O001468,D0010,口水鸡,2,21.01,42.02,13.5
OI001468_1652,O001468,D0013,凉拌木耳,2,66.33,132.66,37.5
OI001468_1653,O001468,D0004,红烧肉,3,56.3,168.9,69.48
OI001468_1654,O001468,D0016,面条,1,26.32,26.32,6.75
OI001469_1655,O001469,D0009,凉拌黄瓜,2,30.24,60.48,22.8
OI001469_1656,O001469,D0022,番茄蛋汤,1,54.77,54.77,23.53
OI001470_1657,O001470,D0036,布丁,1,23.91,23.91,7.77
OI001470_1658,O001470,D0011,夫妻肺片,1,29.36,29.36,12.84
OI001470_1659,O001470,D0013,凉拌木耳,1,66.33,66.33,18.75
OI001470_1660,O001470,D0009,凉拌黄瓜,2,30.24,60.48,22.8
OI001470_1661,O001470,D0006,水煮鱼,3,31.45,94.35,35.46
OI001470_1662,O001470,D0022,番茄蛋汤,3,54.77,164.31,70.59
OI001471_1663,O001471,D0001,宫保鸡丁,1,72.75,72.75,18.28
OI001472_1664,O001472,D0039,红豆沙,3,9.56,28.68,12.51
OI001473_1665,O001473,D0039,红豆沙,2,9.56,19.12,8.34
OI001473_1666,O001473,D0029,雪碧,3,62.42,187.26,51.12
OI001474_1667,O001474,D0021,葱油饼,1,67.6,67.6,24.19
OI001474_1668,O001474,D0003,麻婆豆腐,2,16.18,32.36,10.54
OI001474_1669,O001474,D0020,馒头,2,44.71,89.42,27.1
OI001474_1670,O001474,D0010,口水鸡,1,21.01,21.01,6.75
OI001475_1671,O001475,D0006,水煮鱼,1,31.45,31.45,11.82
OI001475_1672,O001475,D0010,口水鸡,3,21.01,63.03,20.25
OI001475_1673,O001475,D0017,炒饭,2,40.09,80.18,21.1
OI001475_1674,O001475,D0004,红烧肉,1,56.3,56.3,23.16
OI001475_1675,O001475,D0034,冰淇淋,2,48.61,97.22,26.38
OI001475_1676,O001475,D0035,蛋糕,2,31.88,63.76,24.08
OI001476_1677,O001476,D0006,水煮鱼,3,31.45,94.35,35.46
OI001476_1678,O001476,D0037,西米露,3,51.15,153.45,62.25
OI001476_1679,O001476,D0002,鱼香肉丝,3,41.81,125.43,38.34
OI001476_1680,O001476,D0021,葱油饼,3,67.6,202.8,72.57
OI001476_1681,O001476,D0003,麻婆豆腐,1,16.18,16.18,5.27
OI001477_1682,O001477,D0011,夫妻肺片,1,29.36,29.36,12.84
OI001477_1683,O001477,D0036,布丁,2,23.91,47.82,15.54
OI001478_1684,O001478,D0011,夫妻肺片,3,29.36,88.08,38.52
OI001478_1685,O001478,D0029,雪碧,3,62.42,187.26,51.12
OI001479_1686,O001479,D0006,水煮鱼,3,31.45,94.35,35.46
OI001479_1687,O001479,D0018,包子,3,78.11,234.33,73.32
OI001479_1688,O001479,D0010,口水鸡,1,21.01,21.01,6.75
OI001480_1689,O001480,D0023,紫菜蛋花汤,1,36.96,36.96,16.61
OI001480_1690,O001480,D0015,米饭,1,52.56,52.56,20.34
OI001480_1691,O001480,D0002,鱼香肉丝,2,41.81,83.62,25.56
OI001481_1692,O001481,D0014,蒜泥白肉,3,29.6,88.8,38.64
OI001481_1693,O001481,D0039,红豆沙,2,9.56,19.12,8.34
OI001481_1694,O001481,D0020,馒头,1,44.71,44.71,13.55
OI001481_1695,O001481,D0028,可乐,1,50.33,50.33,22.36
OI001481_1696,O001481,D0002,鱼香肉丝,1,41.81,41.81,12.78
OI001481_1697,O001481,D0005,糖醋排骨,2,17.99,35.98,15.64
OI001482_1698,O001482,D0029,雪碧,3,62.42,187.26,51.12
OI001482_1699,O001482,D0021,葱油饼,3,67.6,202.8,72.57
OI001482_1700,O001482,D0022,番茄蛋汤,2,54.77,109.54,47.06
OI001483_1701,O001483,D0012,拍黄瓜,2,13.71,27.42,10.34
OI001484_1702,O001484,D0021,葱油饼,1,67.6,67.6,24.19
OI001485_1703,O001485,D0016,面条,1,26.32,26.32,6.75
OI001486_1704,O001486,D0007,回锅肉,3,23.38,70.14,18.51
OI001486_1705,O001486,D0020,馒头,2,44.71,89.42,27.1
OI001486_1706,O001486,D0035,蛋糕,3,31.88,95.64,36.12
OI001486_1707,O001486,D0026,鸡汤,2,71.37,142.74,47.74
OI001486_1708,O001486,D0014,蒜泥白肉,1,29.6,29.6,12.88
OI001486_1709,O001486,D0005,糖醋排骨,2,17.99,35.98,15.64
OI001487_1710,O001487,D0002,鱼香肉丝,2,41.81,83.62,25.56
OI001487_1711,O001487,D0017,炒饭,2,40.09,80.18,21.1
OI001487_1712,O001487,D0004,红烧肉,1,56.3,56.3,23.16
OI001487_1713,O001487,D0013,凉拌木耳,1,66.33,66.33,18.75
OI001487_1714,O001487,D0019,饺子,3,47.94,143.82,61.41
OI001487_1715,O001487,D0010,口水鸡,1,21.01,21.01,6.75
OI001488_1716,O001488,D0006,水煮鱼,2,31.45,62.9,23.64
OI001489_1717,O001489,D0005,糖醋排骨,1,17.99,17.99,7.82
OI001489_1718,O001489,D0010,口水鸡,1,21.01,21.01,6.75
OI001489_1719,O001489,D0027,豆腐汤,3,38.78,116.34,42.96
OI001489_1720,O001489,D0039,红豆沙,1,9.56,9.56,4.17
OI001489_1721,O001489,D0007,回锅肉,2,23.38,46.76,12.34
OI001490_1722,O001490,D0022,番茄蛋汤,3,54.77,164.31,70.59
OI001490_1723,O001490,D0037,西米露,2,51.15,102.3,41.5
OI001490_1724,O001490,D0017,炒饭,3,40.09,120.27,31.65
OI001491_1725,O001491,D0007,回锅肉,3,23.38,70.14,18.51
OI001491_1726,O001491,D0009,凉拌黄瓜,3,30.24,90.72,34.2
OI001491_1727,O001491,D0021,葱油饼,3,67.6,202.8,72.57
OI001491_1728,O001491,D0031,奶茶,2,16.92,33.84,11.4
OI001492_1729,O001492,D0017,炒饭,3,40.09,120.27,31.65
OI001492_1730,O001492,D0006,水煮鱼,3,31.45,94.35,35.46
OI001492_1731,O001492,D0028,可乐,1,50.33,50.33,22.36
OI001493_1732,O001493,D0037,西米露,2,51.15,102.3,41.5
OI001493_1733,O001493,D0011,夫妻肺片,1,29.36,29.36,12.84
OI001493_1734,O001493,D0029,雪碧,2,62.42,124.84,34.08
OI001493_1735,O001493,D0031,奶茶,1,16.92,16.92,5.7
OI001493_1736,O001493,D0020,馒头,3,44.71,134.13,40.65
OI001494_1737,O001494,D0025,排骨汤,2,76.89,153.78,43.14
OI001494_1738,O001494,D0010,口水鸡,2,21.01,42.02,13.5
OI001494_1739,O001494,D0002,鱼香肉丝,2,41.81,83.62,25.56
OI001494_1740,O001494,D0034,冰淇淋,3,48.61,145.83,39.57
OI001495_1741,O001495,D0017,炒饭,2,40.09,80.18,21.1
OI001496_1742,O001496,D0028,可乐,3,50.33,150.99,67.08
OI001496_1743,O001496,D0007,回锅肉,2,23.38,46.76,12.34
OI001496_1744,O001496,D0032,咖啡,3,8.26,24.78,9.78
OI001496_1745,O001496,D0014,蒜泥白肉,3,29.6,88.8,38.64
OI001496_1746,O001496,D0008,小炒黄牛肉,2,86.82,173.64,73.12
OI001497_1747,O001497,D0010,口水鸡,3,21.01,63.03,20.25
OI001497_1748,O001497,D0002,鱼香肉丝,3,41.81,125.43,38.34
OI001497_1749,O001497,D0024,酸辣汤,1,48.76,48.76,13.08
OI001497_1750,O001497,D0006,水煮鱼,3,31.45,94.35,35.46
OI001497_1751,O001497,D0014,蒜泥白肉,3,29.6,88.8,38.64
OI001497_1752,O001497,D0022,番茄蛋汤,3,54.77,164.31,70.59
OI001498_1753,O001498,D0016,面条,1,26.32,26.32,6.75
OI001498_1754,O001498,D0015,米饭,1,52.56,52.56,20.34
OI001498_1755,O001498,D0017,炒饭,1,40.09,40.09,10.55
OI001498_1756,O001498,D0018,包子,1,78.11,78.11,24.44
OI001498_1757,O001498,D0021,葱油饼,3,67.6,202.8,72.57
OI001498_1758,O001498,D0006,水煮鱼,3,31.45,94.35,35.46
OI001499_1759,O001499,D0018,包子,2,78.11,156.22,48.88
OI001499_1760,O001499,D0034,冰淇淋,3,48.61,145.83,39.57
OI001499_1761,O001499,D0035,蛋糕,2,31.88,63.76,24.08
OI001499_1762,O001499,D0003,麻婆豆腐,3,16.18,48.54,15.81
OI001500_1763,O001500,D0024,酸辣汤,1,48.76,48.76,13.08
OI001501_1764,O001501,D0023,紫菜蛋花汤,2,36.96,73.92,33.22
OI001501_1765,O001501,D0014,蒜泥白肉,1,29.6,29.6,12.88
OI001502_1766,O001502,D0002,鱼香肉丝,1,41.81,41.81,12.78
OI001502_1767,O001502,D0039,红豆沙,3,9.56,28.68,12.51
OI001502_1768,O001502,D0026,鸡汤,1,71.37,71.37,23.87
OI001503_1769,O001503,D0037,西米露,3,51.15,153.45,62.25
OI001504_1770,O001504,D0011,夫妻肺片,1,29.36,29.36,12.84
OI001504_1771,O001504,D0032,咖啡,1,8.26,8.26,3.26
OI001504_1772,O001504,D0034,冰淇淋,2,48.61,97.22,26.38
OI001504_1773,O001504,D0039,红豆沙,1,9.56,9.56,4.17
OI001504_1774,O001504,D0007,回锅肉,2,23.38,46.76,12.34
OI001504_1775,O001504,D0030,橙汁,1,68.07,68.07,27.48
OI001505_1776,O001505,D0035,蛋糕,1,31.88,31.88,12.04
OI001506_1777,O001506,D0016,面条,3,26.32,78.96,20.25
OI001506_1778,O001506,D0037,西米露,2,51.15,102.3,41.5
OI001506_1779,O001506,D0011,夫妻肺片,2,29.36,58.72,25.68
OI001506_1780,O001506,D0024,酸辣汤,2,48.76,97.52,26.16
OI001506_1781,O001506,D0032,咖啡,2,8.26,16.52,6.52
OI001507_1782,O001507,D0037,西米露,2,51.15,102.3,41.5
OI001507_1783,O001507,D0010,口水鸡,2,21.01,42.02,13.5
OI001507_1784,O001507,D0021,葱油饼,3,67.6,202.8,72.57
OI001507_1785,O001507,D0003,麻婆豆腐,1,16.18,16.18,5.27
OI001507_1786,O001507,D0033,柠檬水,2,29.07,58.14,20.36
OI001507_1787,O001507,D0005,糖醋排骨,2,17.99,35.98,15.64
OI001508_1788,O001508,D0035,蛋糕,1,31.88,31.88,12.04
OI001508_1789,O001508,D0005,糖醋排骨,2,17.99,35.98,15.64
OI001508_1790,O001508,D0011,夫妻肺片,2,29.36,58.72,25.68
OI001508_1791,O001508,D0010,口水鸡,3,21.01,63.03,20.25
OI001508_1792,O001508,D0030,橙汁,3,68.07,204.21,82.44
OI001508_1793,O001508,D0022,番茄蛋汤,3,54.77,164.31,70.59
OI001509_1794,O001509,D0038,双皮奶,3,81.48,244.44,90.39
OI001510_1795,O001510,D0020,馒头,2,44.71,89.42,27.1
OI001510_1796,O001510,D0018,包子,2,78.11,156.22,48.88
OI001510_1797,O001510,D0016,面条,3,26.32,78.96,20.25
OI001511_1798,O001511,D0025,排骨汤,3,76.89,230.67,64.71
OI001511_1799,O001511,D0029,雪碧,3,62.42,187.26,51.12
OI001511_1800,O001511,D0017,炒饭,1,40.09,40.09,10.55
OI001511_1801,O001511,D0007,回锅肉,1,23.38,23.38,6.17
OI001511_1802,O001511,D0037,西米露,2,51.15,102.3,41.5
OI001512_1803,O001512,D0008,小炒黄牛肉,3,86.82,260.46,109.68
OI001512_1804,O001512,D0003,麻婆豆腐,1,16.18,16.18,5.27
OI001512_1805,O001512,D0029,雪碧,1,62.42,62.42,17.04
OI001512_1806,O001512,D0028,可乐,1,50.33,50.33,22.36
OI001512_1807,O001512,D0014,蒜泥白肉,1,29.6,29.6,12.88
OI001512_1808,O001512,D0002,鱼香肉丝,3,41.81,125.43,38.34
OI001513_1809,O001513,D0024,酸辣汤,1,48.76,48.76,13.08
OI001513_1810,O001513,D0030,橙汁,3,68.07,204.21,82.44
OI001513_1811,O001513,D0029,雪碧,2,62.42,124.84,34.08
OI001514_1812,O001514,D0038,双皮奶,1,81.48,81.48,30.13
OI001514_1813,O001514,D0004,红烧肉,3,56.3,168.9,69.48
OI001514_1814,O001514,D0014,蒜泥白肉,3,29.6,88.8,38.64
OI001515_1815,O001515,D0017,炒饭,1,40.09,40.09,10.55
OI001515_1816,O001515,D0029,雪碧,1,62.42,62.42,17.04
OI001515_1817,O001515,D0024,酸辣汤,2,48.76,97.52,26.16
OI001515_1818,O001515,D0006,水煮鱼,1,31.45,31.45,11.82
OI001516_1819,O001516,D0036,布丁,3,23.91,71.73,23.31
OI001517_1820,O001517,D0005,糖醋排骨,2,17.99,35.98,15.64
OI001517_1821,O001517,D0015,米饭,2,52.56,105.12,40.68
OI001518_1822,O001518,D0029,雪碧,2,62.42,124.84,34.08
OI001518_1823,O001518,D0032,咖啡,2,8.26,16.52,6.52
OI001518_1824,O001518,D0022,番茄蛋汤,1,54.77,54.77,23.53
OI001518_1825,O001518,D0025,排骨汤,2,76.89,153.78,43.14
OI001518_1826,O001518,D0010,口水鸡,1,21.01,21.01,6.75
OI001519_1827,O001519,D0018,包子,1,78.11,78.11,24.44
OI001519_1828,O001519,D0015,米饭,3,52.56,157.68,61.02
OI001519_1829,O001519,D0004,红烧肉,2,56.3,112.6,46.32
OI001519_1830,O001519,D0007,回锅肉,2,23.38,46.76,12.34
OI001519_1831,O001519,D0025,排骨汤,3,76.89,230.67,64.71
OI001519_1832,O001519,D0033,柠檬水,3,29.07,87.21,30.54
OI001520_1833,O001520,D0014,蒜泥白肉,1,29.6,29.6,12.88
OI001520_1834,O001520,D0026,鸡汤,3,71.37,214.11,71.61
OI001520_1835,O001520,D0018,包子,1,78.11,78.11,24.44
OI001521_1836,O001521,D0016,面条,1,26.32,26.32,6.75
OI001521_1837,O001521,D0029,雪碧,3,62.42,187.26,51.12
OI001522_1838,O001522,D0018,包子,3,78.11,234.33,73.32
OI001522_1839,O001522,D0025,排骨汤,2,76.89,153.78,43.14
OI001522_1840,O001522,D0007,回锅肉,2,23.38,46.76,12.34
OI001522_1841,O001522,D0003,麻婆豆腐,3,16.18,48.54,15.81
OI001522_1842,O001522,D0009,凉拌黄瓜,1,30.24,30.24,11.4
OI001523_1843,O001523,D0022,番茄蛋汤,2,54.77,109.54,47.06
OI001523_1844,O001523,D0020,馒头,2,44.71,89.42,27.1
OI001523_1845,O001523,D0017,炒饭,3,40.09,120.27,31.65
OI001523_1846,O001523,D0019,饺子,1,47.94,47.94,20.47
OI001523_1847,O001523,D0025,排骨汤,3,76.89,230.67,64.71
OI001523_1848,O001523,D0003,麻婆豆腐,1,16.18,16.18,5.27
OI001524_1849,O001524,D0032,咖啡,1,8.26,8.26,3.26
OI001524_1850,O001524,D0020,馒头,2,44.71,89.42,27.1
OI001524_1851,O001524,D0010,口水鸡,3,21.01,63.03,20.25
OI001524_1852,O001524,D0013,凉拌木耳,3,66.33,198.99,56.25
OI001524_1853,O001524,D0034,冰淇淋,1,48.61,48.61,13.19
OI001524_1854,O001524,D0009,凉拌黄瓜,3,30.24,90.72,34.2
OI001525_1855,O001525,D0028,可乐,1,50.33,50.33,22.36
OI001525_1856,O001525,D0036,布丁,1,23.91,23.91,7.77
OI001525_1857,O001525,D0013,凉拌木耳,1,66.33,66.33,18.75
OI001525_1858,O001525,D0005,糖醋排骨,3,17.99,53.97,23.46
OI001526_1859,O001526,D0019,饺子,2,47.94,95.88,40.94
OI001526_1860,O001526,D0017,炒饭,2,40.09,80.18,21.1
OI001526_1861,O001526,D0012,拍黄瓜,3,13.71,41.13,15.51
OI001526_1862,O001526,D0007,回锅肉,3,23.38,70.14,18.51
OI001527_1863,O001527,D0032,咖啡,1,8.26,8.26,3.26
OI001527_1864,O001527,D0005,糖醋排骨,1,17.99,17.99,7.82
OI001527_1865,O001527,D0001,宫保鸡丁,1,72.75,72.75,18.28
OI001528_1866,O001528,D0018,包子,3,78.11,234.33,73.32
OI001528_1867,O001528,D0014,蒜泥白肉,2,29.6,59.2,25.76
OI001528_1868,O001528,D0002,鱼香肉丝,2,41.81,83.62,25.56
OI001528_1869,O001528,D0012,拍黄瓜,3,13.71,41.13,15.51
OI001528_1870,O001528,D0001,宫保鸡丁,3,72.75,218.25,54.84
OI001529_1871,O001529,D0025,排骨汤,2,76.89,153.78,43.14
OI001530_1872,O001530,D0005,糖醋排骨,2,17.99,35.98,15.64
OI001530_1873,O001530,D0013,凉拌木耳,1,66.33,66.33,18.75
OI001530_1874,O001530,D0012,拍黄瓜,3,13.71,41.13,15.51
OI001530_1875,O001530,D0004,红烧肉,3,56.3,168.9,69.48
OI001530_1876,O001530,D0010,口水鸡,3,21.01,63.03,20.25
OI001531_1877,O001531,D0021,葱油饼,1,67.6,67.6,24.19
OI001531_1878,O001531,D0011,夫妻肺片,1,29.36,29.36,12.84
OI001531_1879,O001531,D0002,鱼香肉丝,1,41.81,41.81,12.78
OI001532_1880,O001532,D0013,凉拌木耳,3,66.33,198.99,56.25
OI001533_1881,O001533,D0027,豆腐汤,2,38.78,77.56,28.64
OI001533_1882,O001533,D0017,炒饭,3,40.09,120.27,31.65
OI001533_1883,O001533,D0029,雪碧,3,62.42,187.26,51.12
OI001533_1884,O001533,D0008,小炒黄牛肉,2,86.82,173.64,73.12
OI001533_1885,O001533,D0034,冰淇淋,1,48.61,48.61,13.19
OI001534_1886,O001534,D0035,蛋糕,1,31.88,31.88,12.04
OI001534_1887,O001534,D0013,凉拌木耳,1,66.33,66.33,18.75
OI001534_1888,O001534,D0027,豆腐汤,1,38.78,38.78,14.32
OI001534_1889,O001534,D0014,蒜泥白肉,1,29.6,29.6,12.88
OI001534_1890,O001534,D0011,夫妻肺片,1,29.36,29.36,12.84
OI001534_1891,O001534,D0028,可乐,2,50.33,100.66,44.72
OI001535_1892,O001535,D0007,回锅肉,2,23.38,46.76,12.34
OI001535_1893,O001535,D0006,水煮鱼,2,31.45,62.9,23.64
OI001535_1894,O001535,D0030,橙汁,2,68.07,136.14,54.96
OI001535_1895,O001535,D0015,米饭,3,52.56,157.68,61.02
OI001535_1896,O001535,D0024,酸辣汤,1,48.76,48.76,13.08
OI001536_1897,O001536,D0008,小炒黄牛肉,3,86.82,260.46,109.68
OI001536_1898,O001536,D0027,豆腐汤,2,38.78,77.56,28.64
OI001536_1899,O001536,D0022,番茄蛋汤,3,54.77,164.31,70.59
OI001536_1900,O001536,D0010,口水鸡,3,21.01,63.03,20.25
OI001536_1901,O001536,D0012,拍黄瓜,3,13.71,41.13,15.51
OI001536_1902,O001536,D0026,鸡汤,1,71.37,71.37,23.87
OI001537_1903,O001537,D0031,奶茶,1,16.92,16.92,5.7
OI001537_1904,O001537,D0015,米饭,1,52.56,52.56,20.34
OI001537_1905,O001537,D0032,咖啡,2,8.26,16.52,6.52
OI001537_1906,O001537,D0016,面条,1,26.32,26.32,6.75
OI001537_1907,O001537,D0009,凉拌黄瓜,3,30.24,90.72,34.2
OI001538_1908,O001538,D0013,凉拌木耳,1,66.33,66.33,18.75
OI001538_1909,O001538,D0002,鱼香肉丝,1,41.81,41.81,12.78
OI001538_1910,O001538,D0031,奶茶,2,16.92,33.84,11.4
OI001539_1911,O001539,D0013,凉拌木耳,2,66.33,132.66,37.5
OI001539_1912,O001539,D0002,鱼香肉丝,3,41.81,125.43,38.34
OI001539_1913,O001539,D0006,水煮鱼,2,31.45,62.9,23.64
OI001539_1914,O001539,D0033,柠檬水,1,29.07,29.07,10.18
OI001539_1915,O001539,D0036,布丁,3,23.91,71.73,23.31
OI001539_1916,O001539,D0024,酸辣汤,2,48.76,97.52,26.16
OI001540_1917,O001540,D0003,麻婆豆腐,2,16.18,32.36,10.54
OI001540_1918,O001540,D0011,夫妻肺片,3,29.36,88.08,38.52
OI001541_1919,O001541,D0002,鱼香肉丝,3,41.81,125.43,38.34
OI001541_1920,O001541,D0022,番茄蛋汤,1,54.77,54.77,23.53
OI001542_1921,O001542,D0026,鸡汤,1,71.37,71.37,23.87
OI001542_1922,O001542,D0036,布丁,3,23.91,71.73,23.31
OI001542_1923,O001542,D0019,饺子,3,47.94,143.82,61.41
OI001542_1924,O001542,D0021,葱油饼,2,67.6,135.2,48.38
OI001542_1925,O001542,D0031,奶茶,3,16.92,50.76,17.1
OI001542_1926,O001542,D0034,冰淇淋,2,48.61,97.22,26.38
OI001543_1927,O001543,D0003,麻婆豆腐,1,16.18,16.18,5.27
OI001543_1928,O001543,D0027,豆腐汤,2,38.78,77.56,28.64
OI001543_1929,O001543,D0010,口水鸡,3,21.01,63.03,20.25
OI001543_1930,O001543,D0021,葱油饼,1,67.6,67.6,24.19
OI001543_1931,O001543,D0015,米饭,2,52.56,105.12,40.68
OI001543_1932,O001543,D0034,冰淇淋,2,48.61,97.22,26.38
OI001544_1933,O001544,D0005,糖醋排骨,1,17.99,17.99,7.82
OI001545_1934,O001545,D0038,双皮奶,3,81.48,244.44,90.39
OI001545_1935,O001545,D0022,番茄蛋汤,3,54.77,164.31,70.59
OI001545_1936,O001545,D0007,回锅肉,3,23.38,70.14,18.51
OI001545_1937,O001545,D0017,炒饭,3,40.09,120.27,31.65
OI001546_1938,O001546,D0027,豆腐汤,3,38.78,116.34,42.96
OI001546_1939,O001546,D0019,饺子,3,47.94,143.82,61.41
OI001546_1940,O001546,D0021,葱油饼,3,67.6,202.8,72.57
OI001546_1941,O001546,D0017,炒饭,2,40.09,80.18,21.1
OI001547_1942,O001547,D0035,蛋糕,1,31.88,31.88,12.04
OI001547_1943,O001547,D0038,双皮奶,1,81.48,81.48,30.13
OI001548_1944,O001548,D0016,面条,3,26.32,78.96,20.25
OI001548_1945,O001548,D0030,橙汁,1,68.07,68.07,27.48
OI001548_1946,O001548,D0012,拍黄瓜,3,13.71,41.13,15.51
OI001549_1947,O001549,D0033,柠檬水,2,29.07,58.14,20.36
OI001549_1948,O001549,D0036,布丁,1,23.91,23.91,7.77
OI001549_1949,O001549,D0010,口水鸡,2,21.01,42.02,13.5
OI001549_1950,O001549,D0019,饺子,3,47.94,143.82,61.41
OI001549_1951,O001549,D0038,双皮奶,3,81.48,244.44,90.39
OI001550_1952,O001550,D0030,橙汁,2,68.07,136.14,54.96
OI001550_1953,O001550,D0017,炒饭,1,40.09,40.09,10.55
OI001550_1954,O001550,D0002,鱼香肉丝,1,41.81,41.81,12.78
OI001551_1955,O001551,D0038,双皮奶,3,81.48,244.44,90.39
OI001551_1956,O001551,D0008,小炒黄牛肉,1,86.82,86.82,36.56
OI001551_1957,O001551,D0036,布丁,2,23.91,47.82,15.54
OI001551_1958,O001551,D0001,宫保鸡丁,1,72.75,72.75,18.28
OI001551_1959,O001551,D0032,咖啡,2,8.26,16.52,6.52
OI001552_1960,O001552,D0033,柠檬水,3,29.07,87.21,30.54
OI001552_1961,O001552,D0026,鸡汤,2,71.37,142.74,47.74
OI001553_1962,O001553,D0004,红烧肉,1,56.3,56.3,23.16
OI001553_1963,O001553,D0007,回锅肉,1,23.38,23.38,6.17
OI001553_1964,O001553,D0034,冰淇淋,1,48.61,48.61,13.19
OI001553_1965,O001553,D0038,双皮奶,2,81.48,162.96,60.26
OI001553_1966,O001553,D0015,米饭,1,52.56,52.56,20.34
OI001553_1967,O001553,D0037,西米露,1,51.15,51.15,20.75
OI001554_1968,O001554,D0021,葱油饼,1,67.6,67.6,24.19
OI001554_1969,O001554,D0038,双皮奶,2,81.48,162.96,60.26
OI001554_1970,O001554,D0030,橙汁,2,68.07,136.14,54.96
OI001555_1971,O001555,D0026,鸡汤,1,71.37,71.37,23.87
OI001555_1972,O001555,D0006,水煮鱼,1,31.45,31.45,11.82
OI001555_1973,O001555,D0022,番茄蛋汤,1,54.77,54.77,23.53
OI001555_1974,O001555,D0020,馒头,1,44.71,44.71,13.55
OI001556_1975,O001556,D0028,可乐,3,50.33,150.99,67.08
OI001556_1976,O001556,D0007,回锅肉,3,23.38,70.14,18.51
OI001556_1977,O001556,D0008,小炒黄牛肉,1,86.82,86.82,36.56
OI001556_1978,O001556,D0029,雪碧,2,62.42,124.84,34.08
OI001557_1979,O001557,D0002,鱼香肉丝,3,41.81,125.43,38.34
OI001557_1980,O001557,D0030,橙汁,1,68.07,68.07,27.48
OI001557_1981,O001557,D0019,饺子,1,47.94,47.94,20.47
OI001557_1982,O001557,D0007,回锅肉,2,23.38,46.76,12.34
OI001557_1983,O001557,D0028,可乐,1,50.33,50.33,22.36
OI001557_1984,O001557,D0023,紫菜蛋花汤,2,36.96,73.92,33.22
OI001558_1985,O001558,D0032,咖啡,3,8.26,24.78,9.78
OI001558_1986,O001558,D0013,凉拌木耳,1,66.33,66.33,18.75
OI001558_1987,O001558,D0016,面条,1,26.32,26.32,6.75
OI001558_1988,O001558,D0006,水煮鱼,3,31.45,94.35,35.46
OI001558_1989,O001558,D0005,糖醋排骨,3,17.99,53.97,23.46
OI001559_1990,O001559,D0022,番茄蛋汤,2,54.77,109.54,47.06
OI001559_1991,O001559,D0021,葱油饼,1,67.6,67.6,24.19
OI001560_1992,O001560,D0022,番茄蛋汤,1,54.77,54.77,23.53
OI001560_1993,O001560,D0036,布丁,2,23.91,47.82,15.54
OI001561_1994,O001561,D0008,小炒黄牛肉,2,86.82,173.64,73.12
OI001561_1995,O001561,D0027,豆腐汤,3,38.78,116.34,42.96
OI001561_1996,O001561,D0009,凉拌黄瓜,2,30.24,60.48,22.8
OI001562_1997,O001562,D0005,糖醋排骨,2,17.99,35.98,15.64
OI001562_1998,O001562,D0021,葱油饼,2,67.6,135.2,48.38
OI001563_1999,O001563,D0008,小炒黄牛肉,3,86.82,260.46,109.68
OI001564_2000,O001564,D0032,咖啡,3,8.26,24.78,9.78
OI001564_2001,O001564,D0014,蒜泥白肉,2,29.6,59.2,25.76
OI001564_2002,O001564,D0028,可乐,1,50.33,50.33,22.36
OI001564_2003,O001564,D0039,红豆沙,3,9.56,28.68,12.51
OI001564_2004,O001564,D0018,包子,2,78.11,156.22,48.88
OI001565_2005,O001565,D0025,排骨汤,3,76.89,230.67,64.71
OI001565_2006,O001565,D0024,酸辣汤,1,48.76,48.76,13.08
OI001565_2007,O001565,D0019,饺子,1,47.94,47.94,20.47
OI001565_2008,O001565,D0002,鱼香肉丝,3,41.81,125.43,38.34
OI001565_2009,O001565,D0017,炒饭,2,40.09,80.18,21.1
OI001566_2010,O001566,D0027,豆腐汤,2,38.78,77.56,28.64
OI001566_2011,O001566,D0032,咖啡,3,8.26,24.78,9.78
OI001567_2012,O001567,D0011,夫妻肺片,2,29.36,58.72,25.68
OI001567_2013,O001567,D0033,柠檬水,3,29.07,87.21,30.54
OI001567_2014,O001567,D0010,口水鸡,3,21.01,63.03,20.25
OI001567_2015,O001567,D0013,凉拌木耳,1,66.33,66.33,18.75
OI001568_2016,O001568,D0025,排骨汤,3,76.89,230.67,64.71
OI001568_2017,O001568,D0020,馒头,2,44.71,89.42,27.1
OI001569_2018,O001569,D0023,紫菜蛋花汤,2,36.96,73.92,33.22
OI001569_2019,O001569,D0031,奶茶,1,16.92,16.92,5.7
OI001569_2020,O001569,D0014,蒜泥白肉,1,29.6,29.6,12.88
OI001569_2021,O001569,D0007,回锅肉,1,23.38,23.38,6.17
OI001569_2022,O001569,D0003,麻婆豆腐,1,16.18,16.18,5.27
OI001570_2023,O001570,D0032,咖啡,3,8.26,24.78,9.78
OI001570_2024,O001570,D0013,凉拌木耳,3,66.33,198.99,56.25
OI001570_2025,O001570,D0037,西米露,3,51.15,153.45,62.25
OI001570_2026,O001570,D0039,红豆沙,2,9.56,19.12,8.34
OI001570_2027,O001570,D0026,鸡汤,2,71.37,142.74,47.74
OI001571_2028,O001571,D0011,夫妻肺片,1,29.36,29.36,12.84
OI001571_2029,O001571,D0016,面条,3,26.32,78.96,20.25
OI001571_2030,O001571,D0029,雪碧,1,62.42,62.42,17.04
OI001572_2031,O001572,D0009,凉拌黄瓜,1,30.24,30.24,11.4
OI001573_2032,O001573,D0026,鸡汤,3,71.37,214.11,71.61
OI001573_2033,O001573,D0033,柠檬水,2,29.07,58.14,20.36
OI001573_2034,O001573,D0032,咖啡,2,8.26,16.52,6.52
OI001573_2035,O001573,D0030,橙汁,1,68.07,68.07,27.48
OI001574_2036,O001574,D0015,米饭,1,52.56,52.56,20.34
OI001574_2037,O001574,D0004,红烧肉,3,56.3,168.9,69.48
OI001574_2038,O001574,D0011,夫妻肺片,3,29.36,88.08,38.52
OI001574_2039,O001574,D0031,奶茶,3,16.92,50.76,17.1
OI001574_2040,O001574,D0021,葱油饼,2,67.6,135.2,48.38
OI001575_2041,O001575,D0012,拍黄瓜,1,13.71,13.71,5.17
OI001575_2042,O001575,D0034,冰淇淋,2,48.61,97.22,26.38
OI001575_2043,O001575,D0018,包子,1,78.11,78.11,24.44
OI001575_2044,O001575,D0029,雪碧,3,62.42,187.26,51.12
OI001576_2045,O001576,D0009,凉拌黄瓜,1,30.24,30.24,11.4
OI001576_2046,O001576,D0026,鸡汤,3,71.37,214.11,71.61
OI001577_2047,O001577,D0021,葱油饼,3,67.6,202.8,72.57
OI001577_2048,O001577,D0017,炒饭,1,40.09,40.09,10.55
OI001577_2049,O001577,D0024,酸辣汤,1,48.76,48.76,13.08
OI001577_2050,O001577,D0033,柠檬水,1,29.07,29.07,10.18
OI001577_2051,O001577,D0039,红豆沙,1,9.56,9.56,4.17
OI001577_2052,O001577,D0032,咖啡,2,8.26,16.52,6.52
OI001578_2053,O001578,D0021,葱油饼,2,67.6,135.2,48.38
OI001579_2054,O001579,D0037,西米露,3,51.15,153.45,62.25
OI001579_2055,O001579,D0003,麻婆豆腐,3,16.18,48.54,15.81
OI001580_2056,O001580,D0016,面条,1,26.32,26.32,6.75
OI001580_2057,O001580,D0039,红豆沙,2,9.56,19.12,8.34
OI001581_2058,O001581,D0018,包子,3,78.11,234.33,73.32
OI001581_2059,O001581,D0010,口水鸡,3,21.01,63.03,20.25
OI001581_2060,O001581,D0038,双皮奶,1,81.48,81.48,30.13
OI001582_2061,O001582,D0017,炒饭,1,40.09,40.09,10.55
OI001582_2062,O001582,D0027,豆腐汤,1,38.78,38.78,14.32
OI001583_2063,O001583,D0033,柠檬水,2,29.07,58.14,20.36
OI001583_2064,O001583,D0017,炒饭,3,40.09,120.27,31.65
OI001583_2065,O001583,D0011,夫妻肺片,3,29.36,88.08,38.52
OI001583_2066,O001583,D0024,酸辣汤,1,48.76,48.76,13.08
OI001583_2067,O001583,D0030,橙汁,2,68.07,136.14,54.96
OI001583_2068,O001583,D0002,鱼香肉丝,1,41.81,41.81,12.78
OI001584_2069,O001584,D0012,拍黄瓜,1,13.71,13.71,5.17
OI001585_2070,O001585,D0029,雪碧,3,62.42,187.26,51.12
OI001585_2071,O001585,D0018,包子,2,78.11,156.22,48.88
OI001585_2072,O001585,D0033,柠檬水,3,29.07,87.21,30.54
OI001585_2073,O001585,D0015,米饭,2,52.56,105.12,40.68
OI001585_2074,O001585,D0009,凉拌黄瓜,2,30.24,60.48,22.8
OI001585_2075,O001585,D0001,宫保鸡丁,1,72.75,72.75,18.28
OI001586_2076,O001586,D0024,酸辣汤,3,48.76,146.28,39.24
OI001586_2077,O001586,D0020,馒头,1,44.71,44.71,13.55
OI001587_2078,O001587,D0012,拍黄瓜,1,13.71,13.71,5.17
OI001588_2079,O001588,D0035,蛋糕,2,31.88,63.76,24.08
OI001588_2080,O001588,D0025,排骨汤,2,76.89,153.78,43.14
OI001588_2081,O001588,D0032,咖啡,2,8.26,16.52,6.52
OI001589_2082,O001589,D0022,番茄蛋汤,2,54.77,109.54,47.06
OI001589_2083,O001589,D0023,紫菜蛋花汤,3,36.96,110.88,49.83
OI001589_2084,O001589,D0002,鱼香肉丝,3,41.81,125.43,38.34
OI001589_2085,O001589,D0020,馒头,1,44.71,44.71,13.55
OI001589_2086,O001589,D0028,可乐,2,50.33,100.66,44.72
OI001590_2087,O001590,D0023,紫菜蛋花汤,2,36.96,73.92,33.22
OI001590_2088,O001590,D0020,馒头,1,44.71,44.71,13.55
OI001591_2089,O001591,D0021,葱油饼,1,67.6,67.6,24.19
OI001591_2090,O001591,D0039,红豆沙,2,9.56,19.12,8.34
OI001591_2091,O001591,D0030,橙汁,2,68.07,136.14,54.96
OI001592_2092,O001592,D0036,布丁,3,23.91,71.73,23.31
OI001592_2093,O001592,D0014,蒜泥白肉,1,29.6,29.6,12.88
OI001592_2094,O001592,D0033,柠檬水,2,29.07,58.14,20.36
OI001592_2095,O001592,D0029,雪碧,3,62.42,187.26,51.12
OI001592_2096,O001592,D0006,水煮鱼,1,31.45,31.45,11.82
OI001592_2097,O001592,D0008,小炒黄牛肉,3,86.82,260.46,109.68
OI001593_2098,O001593,D0037,西米露,1,51.15,51.15,20.75
OI001593_2099,O001593,D0012,拍黄瓜,1,13.71,13.71,5.17
OI001593_2100,O001593,D0034,冰淇淋,1,48.61,48.61,13.19
OI001593_2101,O001593,D0023,紫菜蛋花汤,2,36.96,73.92,33.22
OI001593_2102,O001593,D0010,口水鸡,1,21.01,21.01,6.75
OI001594_2103,O001594,D0027,豆腐汤,3,38.78,116.34,42.96
OI001594_2104,O001594,D0001,宫保鸡丁,3,72.75,218.25,54.84
OI001595_2105,O001595,D0015,米饭,1,52.56,52.56,20.34
OI001596_2106,O001596,D0016,面条,2,26.32,52.64,13.5
OI001596_2107,O001596,D0003,麻婆豆腐,3,16.18,48.54,15.81
OI001596_2108,O001596,D0008,小炒黄牛肉,3,86.82,260.46,109.68
OI001596_2109,O001596,D0007,回锅肉,2,23.38,46.76,12.34
OI001596_2110,O001596,D0036,布丁,3,23.91,71.73,23.31
OI001596_2111,O001596,D0021,葱油饼,3,67.6,202.8,72.57
OI001597_2112,O001597,D0038,双皮奶,3,81.48,244.44,90.39
OI001597_2113,O001597,D0014,蒜泥白肉,1,29.6,29.6,12.88
OI001598_2114,O001598,D0005,糖醋排骨,3,17.99,53.97,23.46
OI001599_2115,O001599,D0007,回锅肉,2,23.38,46.76,12.34
OI001599_2116,O001599,D0022,番茄蛋汤,1,54.77,54.77,23.53
OI001600_2117,O001600,D0018,包子,1,78.11,78.11,24.44
OI001601_2118,O001601,D0017,炒饭,1,40.09,40.09,10.55
OI001601_2119,O001601,D0003,麻婆豆腐,3,16.18,48.54,15.81
OI001601_2120,O001601,D0014,蒜泥白肉,3,29.6,88.8,38.64
OI001602_2121,O001602,D0037,西米露,2,51.15,102.3,41.5
OI001602_2122,O001602,D0034,冰淇淋,2,48.61,97.22,26.38
OI001602_2123,O001602,D0017,炒饭,3,40.09,120.27,31.65
OI001603_2124,O001603,D0019,饺子,3,47.94,143.82,61.41
OI001603_2125,O001603,D0028,可乐,1,50.33,50.33,22.36
OI001603_2126,O001603,D0001,宫保鸡丁,3,72.75,218.25,54.84
OI001603_2127,O001603,D0014,蒜泥白肉,1,29.6,29.6,12.88
OI001603_2128,O001603,D0015,米饭,1,52.56,52.56,20.34
OI001603_2129,O001603,D0013,凉拌木耳,3,66.33,198.99,56.25
OI001604_2130,O001604,D0014,蒜泥白肉,1,29.6,29.6,12.88
OI001604_2131,O001604,D0013,凉拌木耳,3,66.33,198.99,56.25
OI001604_2132,O001604,D0003,麻婆豆腐,1,16.18,16.18,5.27
OI001604_2133,O001604,D0036,布丁,1,23.91,23.91,7.77
OI001604_2134,O001604,D0025,排骨汤,3,76.89,230.67,64.71
OI001604_2135,O001604,D0034,冰淇淋,3,48.61,145.83,39.57
OI001605_2136,O001605,D0021,葱油饼,2,67.6,135.2,48.38
OI001605_2137,O001605,D0005,糖醋排骨,1,17.99,17.99,7.82
OI001605_2138,O001605,D0014,蒜泥白肉,2,29.6,59.2,25.76
OI001606_2139,O001606,D0021,葱油饼,1,67.6,67.6,24.19
OI001607_2140,O001607,D0034,冰淇淋,2,48.61,97.22,26.38
OI001608_2141,O001608,D0032,咖啡,1,8.26,8.26,3.26
OI001608_2142,O001608,D0022,番茄蛋汤,1,54.77,54.77,23.53
OI001608_2143,O001608,D0015,米饭,1,52.56,52.56,20.34
OI001609_2144,O001609,D0036,布丁,2,23.91,47.82,15.54
OI001609_2145,O001609,D0003,麻婆豆腐,1,16.18,16.18,5.27
OI001609_2146,O001609,D0032,咖啡,2,8.26,16.52,6.52
OI001609_2147,O001609,D0038,双皮奶,2,81.48,162.96,60.26
OI001609_2148,O001609,D0024,酸辣汤,2,48.76,97.52,26.16
OI001610_2149,O001610,D0030,橙汁,3,68.07,204.21,82.44
OI001611_2150,O001611,D0037,西米露,3,51.15,153.45,62.25
OI001611_2151,O001611,D0038,双皮奶,3,81.48,244.44,90.39
OI001612_2152,O001612,D0036,布丁,2,23.91,47.82,15.54
OI001612_2153,O001612,D0019,饺子,3,47.94,143.82,61.41
OI001612_2154,O001612,D0017,炒饭,1,40.09,40.09,10.55
OI001612_2155,O001612,D0014,蒜泥白肉,2,29.6,59.2,25.76
OI001613_2156,O001613,D0026,鸡汤,2,71.37,142.74,47.74
OI001613_2157,O001613,D0018,包子,1,78.11,78.11,24.44
OI001613_2158,O001613,D0021,葱油饼,2,67.6,135.2,48.38
OI001613_2159,O001613,D0020,馒头,2,44.71,89.42,27.1
OI001614_2160,O001614,D0031,奶茶,2,16.92,33.84,11.4
OI001614_2161,O001614,D0001,宫保鸡丁,1,72.75,72.75,18.28
OI001614_2162,O001614,D0002,鱼香肉丝,3,41.81,125.43,38.34
OI001615_2163,O001615,D0038,双皮奶,2,81.48,162.96,60.26
OI001616_2164,O001616,D0012,拍黄瓜,1,13.71,13.71,5.17
OI001616_2165,O001616,D0039,红豆沙,1,9.56,9.56,4.17
OI001616_2166,O001616,D0022,番茄蛋汤,1,54.77,54.77,23.53
OI001616_2167,O001616,D0015,米饭,1,52.56,52.56,20.34
OI001616_2168,O001616,D0027,豆腐汤,2,38.78,77.56,28.64
OI001616_2169,O001616,D0025,排骨汤,2,76.89,153.78,43.14
OI001617_2170,O001617,D0024,酸辣汤,1,48.76,48.76,13.08
OI001618_2171,O001618,D0039,红豆沙,3,9.56,28.68,12.51
OI001618_2172,O001618,D0004,红烧肉,2,56.3,112.6,46.32
OI001619_2173,O001619,D0008,小炒黄牛肉,1,86.82,86.82,36.56
OI001619_2174,O001619,D0029,雪碧,2,62.42,124.84,34.08
OI001619_2175,O001619,D0015,米饭,3,52.56,157.68,61.02
OI001619_2176,O001619,D0017,炒饭,3,40.09,120.27,31.65
OI001619_2177,O001619,D0023,紫菜蛋花汤,3,36.96,110.88,49.83
OI001620_2178,O001620,D0021,葱油饼,2,67.6,135.2,48.38
OI001620_2179,O001620,D0009,凉拌黄瓜,2,30.24,60.48,22.8
OI001620_2180,O001620,D0016,面条,3,26.32,78.96,20.25
OI001620_2181,O001620,D0034,冰淇淋,3,48.61,145.83,39.57
OI001620_2182,O001620,D0013,凉拌木耳,1,66.33,66.33,18.75
OI001620_2183,O001620,D0029,雪碧,2,62.42,124.84,34.08
OI001621_2184,O001621,D0033,柠檬水,3,29.07,87.21,30.54
OI001621_2185,O001621,D0032,咖啡,1,8.26,8.26,3.26
OI001621_2186,O001621,D0035,蛋糕,3,31.88,95.64,36.12
OI001621_2187,O001621,D0031,奶茶,2,16.92,33.84,11.4
OI001621_2188,O001621,D0006,水煮鱼,1,31.45,31.45,11.82
OI001621_2189,O001621,D0018,包子,2,78.11,156.22,48.88
OI001622_2190,O001622,D0028,可乐,3,50.33,150.99,67.08
OI001622_2191,O001622,D0003,麻婆豆腐,1,16.18,16.18,5.27
OI001622_2192,O001622,D0013,凉拌木耳,3,66.33,198.99,56.25
OI001623_2193,O001623,D0024,酸辣汤,1,48.76,48.76,13.08
OI001623_2194,O001623,D0036,布丁,1,23.91,23.91,7.77
OI001623_2195,O001623,D0031,奶茶,2,16.92,33.84,11.4
OI001624_2196,O001624,D0028,可乐,3,50.33,150.99,67.08
OI001624_2197,O001624,D0013,凉拌木耳,3,66.33,198.99,56.25
OI001624_2198,O001624,D0030,橙汁,2,68.07,136.14,54.96
OI001624_2199,O001624,D0027,豆腐汤,3,38.78,116.34,42.96
OI001624_2200,O001624,D0032,咖啡,2,8.26,16.52,6.52
OI001624_2201,O001624,D0019,饺子,3,47.94,143.82,61.41
OI001625_2202,O001625,D0020,馒头,3,44.71,134.13,40.65
OI001625_2203,O001625,D0034,冰淇淋,3,48.61,145.83,39.57
OI001625_2204,O001625,D0039,红豆沙,3,9.56,28.68,12.51
OI001625_2205,O001625,D0028,可乐,1,50.33,50.33,22.36
OI001626_2206,O001626,D0012,拍黄瓜,1,13.71,13.71,5.17
OI001627_2207,O001627,D0031,奶茶,2,16.92,33.84,11.4
OI001627_2208,O001627,D0034,冰淇淋,1,48.61,48.61,13.19
OI001627_2209,O001627,D0029,雪碧,2,62.42,124.84,34.08
OI001627_2210,O001627,D0022,番茄蛋汤,1,54.77,54.77,23.53
OI001627_2211,O001627,D0028,可乐,3,50.33,150.99,67.08
OI001627_2212,O001627,D0006,水煮鱼,2,31.45,62.9,23.64
OI001628_2213,O001628,D0022,番茄蛋汤,1,54.77,54.77,23.53
OI001629_2214,O001629,D0030,橙汁,2,68.07,136.14,54.96
OI001629_2215,O001629,D0008,小炒黄牛肉,1,86.82,86.82,36.56
OI001629_2216,O001629,D0022,番茄蛋汤,3,54.77,164.31,70.59
OI001629_2217,O001629,D0007,回锅肉,2,23.38,46.76,12.34
OI001629_2218,O001629,D0014,蒜泥白肉,1,29.6,29.6,12.88
OI001630_2219,O001630,D0031,奶茶,1,16.92,16.92,5.7
OI001630_2220,O001630,D0030,橙汁,2,68.07,136.14,54.96
OI001630_2221,O001630,D0011,夫妻肺片,2,29.36,58.72,25.68
OI001630_2222,O001630,D0036,布丁,3,23.91,71.73,23.31
OI001630_2223,O001630,D0017,炒饭,1,40.09,40.09,10.55
OI001630_2224,O001630,D0026,鸡汤,2,71.37,142.74,47.74
OI001631_2225,O001631,D0007,回锅肉,2,23.38,46.76,12.34
OI001631_2226,O001631,D0021,葱油饼,3,67.6,202.8,72.57
OI001631_2227,O001631,D0009,凉拌黄瓜,1,30.24,30.24,11.4
OI001631_2228,O001631,D0015,米饭,2,52.56,105.12,40.68
OI001631_2229,O001631,D0004,红烧肉,1,56.3,56.3,23.16
OI001631_2230,O001631,D0024,酸辣汤,1,48.76,48.76,13.08
OI001632_2231,O001632,D0008,小炒黄牛肉,3,86.82,260.46,109.68
OI001632_2232,O001632,D0009,凉拌黄瓜,1,30.24,30.24,11.4
OI001632_2233,O001632,D0024,酸辣汤,3,48.76,146.28,39.24
OI001632_2234,O001632,D0036,布丁,2,23.91,47.82,15.54
OI001632_2235,O001632,D0010,口水鸡,1,21.01,21.01,6.75
OI001632_2236,O001632,D0025,排骨汤,3,76.89,230.67,64.71
OI001633_2237,O001633,D0016,面条,3,26.32,78.96,20.25
OI001633_2238,O001633,D0022,番茄蛋汤,2,54.77,109.54,47.06
OI001634_2239,O001634,D0024,酸辣汤,1,48.76,48.76,13.08
OI001635_2240,O001635,D0027,豆腐汤,2,38.78,77.56,28.64
OI001635_2241,O001635,D0019,饺子,1,47.94,47.94,20.47
OI001635_2242,O001635,D0037,西米露,2,51.15,102.3,41.5
OI001635_2243,O001635,D0017,炒饭,1,40.09,40.09,10.55
OI001636_2244,O001636,D0009,凉拌黄瓜,2,30.24,60.48,22.8
OI001636_2245,O001636,D0029,雪碧,3,62.42,187.26,51.12
OI001636_2246,O001636,D0036,布丁,2,23.91,47.82,15.54
OI001636_2247,O001636,D0011,夫妻肺片,1,29.36,29.36,12.84
OI001637_2248,O001637,D0009,凉拌黄瓜,2,30.24,60.48,22.8
OI001638_2249,O001638,D0030,橙汁,3,68.07,204.21,82.44
OI001639_2250,O001639,D0014,蒜泥白肉,1,29.6,29.6,12.88
OI001639_2251,O001639,D0003,麻婆豆腐,3,16.18,48.54,15.81
OI001640_2252,O001640,D0038,双皮奶,2,81.48,162.96,60.26
OI001640_2253,O001640,D0030,橙汁,3,68.07,204.21,82.44
OI001640_2254,O001640,D0036,布丁,2,23.91,47.82,15.54
OI001641_2255,O001641,D0033,柠檬水,2,29.07,58.14,20.36
OI001641_2256,O001641,D0014,蒜泥白肉,1,29.6,29.6,12.88
OI001641_2257,O001641,D0021,葱油饼,3,67.6,202.8,72.57
OI001642_2258,O001642,D0002,鱼香肉丝,2,41.81,83.62,25.56
OI001642_2259,O001642,D0030,橙汁,3,68.07,204.21,82.44
OI001642_2260,O001642,D0019,饺子,1,47.94,47.94,20.47
OI001643_2261,O001643,D0005,糖醋排骨,1,17.99,17.99,7.82
OI001643_2262,O001643,D0010,口水鸡,1,21.01,21.01,6.75
OI001643_2263,O001643,D0002,鱼香肉丝,3,41.81,125.43,38.34
OI001643_2264,O001643,D0037,西米露,2,51.15,102.3,41.5
OI001644_2265,O001644,D0024,酸辣汤,2,48.76,97.52,26.16
OI001644_2266,O001644,D0030,橙汁,2,68.07,136.14,54.96
OI001645_2267,O001645,D0020,馒头,1,44.71,44.71,13.55
OI001645_2268,O001645,D0012,拍黄瓜,1,13.71,13.71,5.17
OI001645_2269,O001645,D0001,宫保鸡丁,2,72.75,145.5,36.56
OI001646_2270,O001646,D0018,包子,2,78.11,156.22,48.88
OI001647_2271,O001647,D0020,馒头,1,44.71,44.71,13.55
OI001647_2272,O001647,D0018,包子,3,78.11,234.33,73.32
OI001647_2273,O001647,D0001,宫保鸡丁,3,72.75,218.25,54.84
OI001647_2274,O001647,D0026,鸡汤,2,71.37,142.74,47.74
OI001647_2275,O001647,D0027,豆腐汤,3,38.78,116.34,42.96
OI001647_2276,O001647,D0009,凉拌黄瓜,2,30.24,60.48,22.8
OI001648_2277,O001648,D0029,雪碧,2,62.42,124.84,34.08
OI001648_2278,O001648,D0032,咖啡,1,8.26,8.26,3.26
OI001648_2279,O001648,D0018,包子,1,78.11,78.11,24.44
OI001649_2280,O001649,D0009,凉拌黄瓜,1,30.24,30.24,11.4
OI001649_2281,O001649,D0002,鱼香肉丝,2,41.81,83.62,25.56
OI001649_2282,O001649,D0011,夫妻肺片,2,29.36,58.72,25.68
OI001649_2283,O001649,D0005,糖醋排骨,1,17.99,17.99,7.82
OI001649_2284,O001649,D0027,豆腐汤,2,38.78,77.56,28.64
OI001650_2285,O001650,D0032,咖啡,3,8.26,24.78,9.78
OI001650_2286,O001650,D0036,布丁,2,23.91,47.82,15.54
OI001650_2287,O001650,D0004,红烧肉,2,56.3,112.6,46.32
OI001650_2288,O001650,D0034,冰淇淋,2,48.61,97.22,26.38
OI001651_2289,O001651,D0039,红豆沙,2,9.56,19.12,8.34
OI001651_2290,O001651,D0038,双皮奶,3,81.48,244.44,90.39
OI001651_2291,O001651,D0010,口水鸡,1,21.01,21.01,6.75
OI001651_2292,O001651,D0001,宫保鸡丁,2,72.75,145.5,36.56
OI001652_2293,O001652,D0027,豆腐汤,3,38.78,116.34,42.96
OI001652_2294,O001652,D0007,回锅肉,3,23.38,70.14,18.51
OI001652_2295,O001652,D0028,可乐,2,50.33,100.66,44.72
OI001653_2296,O001653,D0005,糖醋排骨,1,17.99,17.99,7.82
OI001653_2297,O001653,D0022,番茄蛋汤,3,54.77,164.31,70.59
OI001653_2298,O001653,D0021,葱油饼,1,67.6,67.6,24.19
OI001653_2299,O001653,D0015,米饭,2,52.56,105.12,40.68
OI001653_2300,O001653,D0024,酸辣汤,1,48.76,48.76,13.08
OI001654_2301,O001654,D0037,西米露,2,51.15,102.3,41.5
OI001654_2302,O001654,D0004,红烧肉,3,56.3,168.9,69.48
OI001654_2303,O001654,D0022,番茄蛋汤,1,54.77,54.77,23.53
OI001654_2304,O001654,D0025,排骨汤,1,76.89,76.89,21.57
OI001655_2305,O001655,D0009,凉拌黄瓜,3,30.24,90.72,34.2
OI001655_2306,O001655,D0001,宫保鸡丁,2,72.75,145.5,36.56
OI001655_2307,O001655,D0019,饺子,3,47.94,143.82,61.41
OI001655_2308,O001655,D0027,豆腐汤,1,38.78,38.78,14.32
OI001656_2309,O001656,D0017,炒饭,2,40.09,80.18,21.1
OI001656_2310,O001656,D0011,夫妻肺片,1,29.36,29.36,12.84
OI001656_2311,O001656,D0006,水煮鱼,1,31.45,31.45,11.82
OI001656_2312,O001656,D0022,番茄蛋汤,2,54.77,109.54,47.06
OI001656_2313,O001656,D0038,双皮奶,2,81.48,162.96,60.26
OI001656_2314,O001656,D0010,口水鸡,3,21.01,63.03,20.25
OI001657_2315,O001657,D0039,红豆沙,1,9.56,9.56,4.17
OI001658_2316,O001658,D0038,双皮奶,2,81.48,162.96,60.26
OI001659_2317,O001659,D0024,酸辣汤,1,48.76,48.76,13.08
OI001659_2318,O001659,D0016,面条,2,26.32,52.64,13.5
OI001660_2319,O001660,D0012,拍黄瓜,3,13.71,41.13,15.51
OI001660_2320,O001660,D0034,冰淇淋,1,48.61,48.61,13.19
OI001660_2321,O001660,D0024,酸辣汤,1,48.76,48.76,13.08
OI001660_2322,O001660,D0002,鱼香肉丝,2,41.81,83.62,25.56
OI001660_2323,O001660,D0028,可乐,1,50.33,50.33,22.36
OI001661_2324,O001661,D0002,鱼香肉丝,2,41.81,83.62,25.56
OI001661_2325,O001661,D0031,奶茶,1,16.92,16.92,5.7
OI001661_2326,O001661,D0036,布丁,3,23.91,71.73,23.31
OI001662_2327,O001662,D0004,红烧肉,2,56.3,112.6,46.32
OI001662_2328,O001662,D0002,鱼香肉丝,2,41.81,83.62,25.56
OI001662_2329,O001662,D0011,夫妻肺片,1,29.36,29.36,12.84
OI001662_2330,O001662,D0012,拍黄瓜,1,13.71,13.71,5.17
OI001663_2331,O001663,D0029,雪碧,2,62.42,124.84,34.08
OI001663_2332,O001663,D0028,可乐,3,50.33,150.99,67.08
OI001663_2333,O001663,D0011,夫妻肺片,2,29.36,58.72,25.68
OI001663_2334,O001663,D0013,凉拌木耳,1,66.33,66.33,18.75
OI001663_2335,O001663,D0005,糖醋排骨,3,17.99,53.97,23.46
OI001664_2336,O001664,D0014,蒜泥白肉,1,29.6,29.6,12.88
OI001664_2337,O001664,D0021,葱油饼,3,67.6,202.8,72.57
OI001665_2338,O001665,D0001,宫保鸡丁,3,72.75,218.25,54.84
OI001665_2339,O001665,D0020,馒头,2,44.71,89.42,27.1
OI001665_2340,O001665,D0038,双皮奶,2,81.48,162.96,60.26
OI001665_2341,O001665,D0013,凉拌木耳,1,66.33,66.33,18.75
OI001665_2342,O001665,D0006,水煮鱼,1,31.45,31.45,11.82
OI001665_2343,O001665,D0022,番茄蛋汤,1,54.77,54.77,23.53
OI001666_2344,O001666,D0035,蛋糕,3,31.88,95.64,36.12
OI001666_2345,O001666,D0037,西米露,2,51.15,102.3,41.5
OI001666_2346,O001666,D0005,糖醋排骨,3,17.99,53.97,23.46
OI001666_2347,O001666,D0013,凉拌木耳,2,66.33,132.66,37.5
OI001666_2348,O001666,D0032,咖啡,3,8.26,24.78,9.78
OI001666_2349,O001666,D0028,可乐,1,50.33,50.33,22.36
OI001667_2350,O001667,D0016,面条,3,26.32,78.96,20.25
OI001668_2351,O001668,D0013,凉拌木耳,3,66.33,198.99,56.25
OI001669_2352,O001669,D0008,小炒黄牛肉,3,86.82,260.46,109.68
OI001670_2353,O001670,D0034,冰淇淋,3,48.61,145.83,39.57
OI001670_2354,O001670,D0023,紫菜蛋花汤,2,36.96,73.92,33.22
OI001670_2355,O001670,D0033,柠檬水,2,29.07,58.14,20.36
OI001671_2356,O001671,D0039,红豆沙,2,9.56,19.12,8.34
OI001671_2357,O001671,D0035,蛋糕,3,31.88,95.64,36.12
OI001671_2358,O001671,D0038,双皮奶,2,81.48,162.96,60.26
OI001672_2359,O001672,D0015,米饭,1,52.56,52.56,20.34
OI001672_2360,O001672,D0004,红烧肉,3,56.3,168.9,69.48
OI001672_2361,O001672,D0013,凉拌木耳,1,66.33,66.33,18.75
OI001672_2362,O001672,D0022,番茄蛋汤,2,54.77,109.54,47.06
OI001673_2363,O001673,D0005,糖醋排骨,1,17.99,17.99,7.82
OI001673_2364,O001673,D0018,包子,1,78.11,78.11,24.44
OI001673_2365,O001673,D0003,麻婆豆腐,2,16.18,32.36,10.54
OI001673_2366,O001673,D0031,奶茶,3,16.92,50.76,17.1
OI001673_2367,O001673,D0030,橙汁,1,68.07,68.07,27.48
OI001673_2368,O001673,D0021,葱油饼,2,67.6,135.2,48.38
OI001674_2369,O001674,D0038,双皮奶,2,81.48,162.96,60.26
OI001674_2370,O001674,D0032,咖啡,1,8.26,8.26,3.26
OI001674_2371,O001674,D0010,口水鸡,1,21.01,21.01,6.75
OI001675_2372,O001675,D0004,红烧肉,2,56.3,112.6,46.32
OI001675_2373,O001675,D0036,布丁,1,23.91,23.91,7.77
OI001675_2374,O001675,D0019,饺子,1,47.94,47.94,20.47
OI001676_2375,O001676,D0021,葱油饼,1,67.6,67.6,24.19
OI001676_2376,O001676,D0038,双皮奶,2,81.48,162.96,60.26
OI001676_2377,O001676,D0006,水煮鱼,2,31.45,62.9,23.64
OI001676_2378,O001676,D0029,雪碧,2,62.42,124.84,34.08
OI001676_2379,O001676,D0007,回锅肉,1,23.38,23.38,6.17
OI001676_2380,O001676,D0022,番茄蛋汤,2,54.77,109.54,47.06
OI001677_2381,O001677,D0016,面条,1,26.32,26.32,6.75
OI001677_2382,O001677,D0025,排骨汤,2,76.89,153.78,43.14
OI001677_2383,O001677,D0027,豆腐汤,2,38.78,77.56,28.64
OI001678_2384,O001678,D0007,回锅肉,3,23.38,70.14,18.51
OI001678_2385,O001678,D0023,紫菜蛋花汤,1,36.96,36.96,16.61
OI001678_2386,O001678,D0032,咖啡,1,8.26,8.26,3.26
OI001678_2387,O001678,D0027,豆腐汤,3,38.78,116.34,42.96
OI001678_2388,O001678,D0024,酸辣汤,2,48.76,97.52,26.16
OI001678_2389,O001678,D0012,拍黄瓜,1,13.71,13.71,5.17
OI001679_2390,O001679,D0011,夫妻肺片,3,29.36,88.08,38.52
OI001679_2391,O001679,D0004,红烧肉,3,56.3,168.9,69.48
OI001680_2392,O001680,D0034,冰淇淋,2,48.61,97.22,26.38
OI001680_2393,O001680,D0012,拍黄瓜,3,13.71,41.13,15.51
OI001680_2394,O001680,D0007,回锅肉,2,23.38,46.76,12.34
OI001680_2395,O001680,D0003,麻婆豆腐,3,16.18,48.54,15.81
OI001680_2396,O001680,D0026,鸡汤,1,71.37,71.37,23.87
OI001681_2397,O001681,D0017,炒饭,2,40.09,80.18,21.1
OI001681_2398,O001681,D0002,鱼香肉丝,3,41.81,125.43,38.34
OI001681_2399,O001681,D0022,番茄蛋汤,1,54.77,54.77,23.53
OI001681_2400,O001681,D0024,酸辣汤,2,48.76,97.52,26.16
OI001681_2401,O001681,D0003,麻婆豆腐,2,16.18,32.36,10.54
OI001681_2402,O001681,D0025,排骨汤,1,76.89,76.89,21.57
OI001682_2403,O001682,D0032,咖啡,2,8.26,16.52,6.52
OI001682_2404,O001682,D0008,小炒黄牛肉,2,86.82,173.64,73.12
OI001682_2405,O001682,D0009,凉拌黄瓜,2,30.24,60.48,22.8
OI001682_2406,O001682,D0024,酸辣汤,1,48.76,48.76,13.08
OI001683_2407,O001683,D0016,面条,2,26.32,52.64,13.5
OI001683_2408,O001683,D0005,糖醋排骨,1,17.99,17.99,7.82
OI001683_2409,O001683,D0015,米饭,3,52.56,157.68,61.02
OI001683_2410,O001683,D0011,夫妻肺片,3,29.36,88.08,38.52
OI001683_2411,O001683,D0039,红豆沙,3,9.56,28.68,12.51
OI001684_2412,O001684,D0026,鸡汤,2,71.37,142.74,47.74
OI001684_2413,O001684,D0012,拍黄瓜,1,13.71,13.71,5.17
OI001684_2414,O001684,D0002,鱼香肉丝,1,41.81,41.81,12.78
OI001684_2415,O001684,D0004,红烧肉,1,56.3,56.3,23.16
OI001684_2416,O001684,D0011,夫妻肺片,2,29.36,58.72,25.68
OI001685_2417,O001685,D0036,布丁,3,23.91,71.73,23.31
OI001685_2418,O001685,D0001,宫保鸡丁,3,72.75,218.25,54.84
OI001685_2419,O001685,D0011,夫妻肺片,3,29.36,88.08,38.52
OI001685_2420,O001685,D0012,拍黄瓜,3,13.71,41.13,15.51
OI001685_2421,O001685,D0010,口水鸡,3,21.01,63.03,20.25
OI001685_2422,O001685,D0018,包子,1,78.11,78.11,24.44
OI001686_2423,O001686,D0011,夫妻肺片,2,29.36,58.72,25.68
OI001686_2424,O001686,D0022,番茄蛋汤,3,54.77,164.31,70.59
OI001687_2425,O001687,D0037,西米露,1,51.15,51.15,20.75
OI001687_2426,O001687,D0017,炒饭,3,40.09,120.27,31.65
OI001687_2427,O001687,D0022,番茄蛋汤,1,54.77,54.77,23.53
OI001687_2428,O001687,D0001,宫保鸡丁,1,72.75,72.75,18.28
OI001687_2429,O001687,D0011,夫妻肺片,1,29.36,29.36,12.84
OI001688_2430,O001688,D0037,西米露,2,51.15,102.3,41.5
OI001688_2431,O001688,D0014,蒜泥白肉,1,29.6,29.6,12.88
OI001688_2432,O001688,D0033,柠檬水,1,29.07,29.07,10.18
OI001688_2433,O001688,D0025,排骨汤,3,76.89,230.67,64.71
OI001689_2434,O001689,D0012,拍黄瓜,3,13.71,41.13,15.51
OI001689_2435,O001689,D0011,夫妻肺片,1,29.36,29.36,12.84
OI001689_2436,O001689,D0017,炒饭,1,40.09,40.09,10.55
OI001689_2437,O001689,D0030,橙汁,3,68.07,204.21,82.44
OI001689_2438,O001689,D0001,宫保鸡丁,3,72.75,218.25,54.84
OI001689_2439,O001689,D0007,回锅肉,3,23.38,70.14,18.51
OI001690_2440,O001690,D0027,豆腐汤,2,38.78,77.56,28.64
OI001690_2441,O001690,D0007,回锅肉,3,23.38,70.14,18.51
OI001690_2442,O001690,D0025,排骨汤,2,76.89,153.78,43.14
OI001690_2443,O001690,D0036,布丁,2,23.91,47.82,15.54
OI001691_2444,O001691,D0033,柠檬水,2,29.07,58.14,20.36
OI001691_2445,O001691,D0029,雪碧,1,62.42,62.42,17.04
OI001691_2446,O001691,D0005,糖醋排骨,3,17.99,53.97,23.46
OI001691_2447,O001691,D0009,凉拌黄瓜,2,30.24,60.48,22.8
OI001691_2448,O001691,D0014,蒜泥白肉,1,29.6,29.6,12.88
OI001692_2449,O001692,D0022,番茄蛋汤,1,54.77,54.77,23.53
OI001693_2450,O001693,D0018,包子,2,78.11,156.22,48.88
OI001693_2451,O001693,D0014,蒜泥白肉,3,29.6,88.8,38.64
OI001694_2452,O001694,D0031,奶茶,1,16.92,16.92,5.7
OI001694_2453,O001694,D0021,葱油饼,3,67.6,202.8,72.57
OI001694_2454,O001694,D0024,酸辣汤,2,48.76,97.52,26.16
OI001694_2455,O001694,D0022,番茄蛋汤,2,54.77,109.54,47.06
OI001695_2456,O001695,D0010,口水鸡,3,21.01,63.03,20.25
OI001695_2457,O001695,D0017,炒饭,2,40.09,80.18,21.1
OI001695_2458,O001695,D0020,馒头,3,44.71,134.13,40.65
OI001695_2459,O001695,D0021,葱油饼,3,67.6,202.8,72.57
OI001695_2460,O001695,D0029,雪碧,2,62.42,124.84,34.08
OI001696_2461,O001696,D0005,糖醋排骨,2,17.99,35.98,15.64
OI001696_2462,O001696,D0022,番茄蛋汤,2,54.77,109.54,47.06
OI001696_2463,O001696,D0034,冰淇淋,1,48.61,48.61,13.19
OI001696_2464,O001696,D0008,小炒黄牛肉,3,86.82,260.46,109.68
OI001696_2465,O001696,D0035,蛋糕,1,31.88,31.88,12.04
OI001696_2466,O001696,D0006,水煮鱼,1,31.45,31.45,11.82
OI001697_2467,O001697,D0026,鸡汤,1,71.37,71.37,23.87
OI001697_2468,O001697,D0039,红豆沙,2,9.56,19.12,8.34
OI001697_2469,O001697,D0001,宫保鸡丁,2,72.75,145.5,36.56
OI001697_2470,O001697,D0024,酸辣汤,3,48.76,146.28,39.24
OI001697_2471,O001697,D0021,葱油饼,3,67.6,202.8,72.57
OI001697_2472,O001697,D0034,冰淇淋,1,48.61,48.61,13.19
OI001698_2473,O001698,D0014,蒜泥白肉,1,29.6,29.6,12.88
OI001698_2474,O001698,D0009,凉拌黄瓜,1,30.24,30.24,11.4
OI001698_2475,O001698,D0015,米饭,2,52.56,105.12,40.68
OI001698_2476,O001698,D0021,葱油饼,2,67.6,135.2,48.38
OI001698_2477,O001698,D0025,排骨汤,2,76.89,153.78,43.14
OI001699_2478,O001699,D0017,炒饭,3,40.09,120.27,31.65
OI001700_2479,O001700,D0029,雪碧,3,62.42,187.26,51.12
OI001700_2480,O001700,D0022,番茄蛋汤,1,54.77,54.77,23.53
OI001700_2481,O001700,D0024,酸辣汤,2,48.76,97.52,26.16
OI001700_2482,O001700,D0025,排骨汤,1,76.89,76.89,21.57
OI001700_2483,O001700,D0026,鸡汤,3,71.37,214.11,71.61
OI001701_2484,O001701,D0002,鱼香肉丝,3,41.81,125.43,38.34
OI001701_2485,O001701,D0015,米饭,1,52.56,52.56,20.34
OI001701_2486,O001701,D0009,凉拌黄瓜,1,30.24,30.24,11.4
OI001701_2487,O001701,D0039,红豆沙,2,9.56,19.12,8.34
OI001701_2488,O001701,D0007,回锅肉,2,23.38,46.76,12.34
OI001702_2489,O001702,D0015,米饭,1,52.56,52.56,20.34
OI001702_2490,O001702,D0001,宫保鸡丁,1,72.75,72.75,18.28
OI001702_2491,O001702,D0030,橙汁,3,68.07,204.21,82.44
OI001702_2492,O001702,D0011,夫妻肺片,3,29.36,88.08,38.52
OI001703_2493,O001703,D0031,奶茶,2,16.92,33.84,11.4
OI001703_2494,O001703,D0027,豆腐汤,1,38.78,38.78,14.32
OI001704_2495,O001704,D0014,蒜泥白肉,1,29.6,29.6,12.88
OI001704_2496,O001704,D0010,口水鸡,3,21.01,63.03,20.25
OI001704_2497,O001704,D0039,红豆沙,2,9.56,19.12,8.34
OI001704_2498,O001704,D0026,鸡汤,2,71.37,142.74,47.74
OI001704_2499,O001704,D0021,葱油饼,3,67.6,202.8,72.57
OI001704_2500,O001704,D0028,可乐,1,50.33,50.33,22.36
OI001705_2501,O001705,D0013,凉拌木耳,3,66.33,198.99,56.25
OI001705_2502,O001705,D0016,面条,2,26.32,52.64,13.5
OI001705_2503,O001705,D0005,糖醋排骨,3,17.99,53.97,23.46
OI001705_2504,O001705,D0010,口水鸡,1,21.01,21.01,6.75
OI001705_2505,O001705,D0036,布丁,1,23.91,23.91,7.77
OI001706_2506,O001706,D0016,面条,2,26.32,52.64,13.5
OI001706_2507,O001706,D0004,红烧肉,1,56.3,56.3,23.16
OI001706_2508,O001706,D0025,排骨汤,2,76.89,153.78,43.14
OI001706_2509,O001706,D0020,馒头,3,44.71,134.13,40.65
OI001706_2510,O001706,D0001,宫保鸡丁,1,72.75,72.75,18.28
OI001707_2511,O001707,D0020,馒头,1,44.71,44.71,13.55
OI001707_2512,O001707,D0030,橙汁,1,68.07,68.07,27.48
OI001708_2513,O001708,D0025,排骨汤,2,76.89,153.78,43.14
OI001708_2514,O001708,D0022,番茄蛋汤,3,54.77,164.31,70.59
OI001709_2515,O001709,D0006,水煮鱼,1,31.45,31.45,11.82
OI001709_2516,O001709,D0033,柠檬水,2,29.07,58.14,20.36
OI001709_2517,O001709,D0003,麻婆豆腐,2,16.18,32.36,10.54
OI001710_2518,O001710,D0005,糖醋排骨,3,17.99,53.97,23.46
OI001710_2519,O001710,D0034,冰淇淋,1,48.61,48.61,13.19
OI001710_2520,O001710,D0024,酸辣汤,1,48.76,48.76,13.08
OI001710_2521,O001710,D0026,鸡汤,3,71.37,214.11,71.61
OI001710_2522,O001710,D0030,橙汁,1,68.07,68.07,27.48
OI001711_2523,O001711,D0027,豆腐汤,3,38.78,116.34,42.96
OI001711_2524,O001711,D0022,番茄蛋汤,1,54.77,54.77,23.53
OI001711_2525,O001711,D0012,拍黄瓜,2,13.71,27.42,10.34
OI001711_2526,O001711,D0021,葱油饼,1,67.6,67.6,24.19
OI001711_2527,O001711,D0038,双皮奶,3,81.48,244.44,90.39
OI001712_2528,O001712,D0004,红烧肉,3,56.3,168.9,69.48
OI001712_2529,O001712,D0015,米饭,3,52.56,157.68,61.02
OI001712_2530,O001712,D0038,双皮奶,2,81.48,162.96,60.26
OI001712_2531,O001712,D0024,酸辣汤,1,48.76,48.76,13.08
OI001713_2532,O001713,D0025,排骨汤,2,76.89,153.78,43.14
OI001713_2533,O001713,D0015,米饭,3,52.56,157.68,61.02
OI001713_2534,O001713,D0009,凉拌黄瓜,3,30.24,90.72,34.2
OI001714_2535,O001714,D0005,糖醋排骨,3,17.99,53.97,23.46
OI001714_2536,O001714,D0022,番茄蛋汤,1,54.77,54.77,23.53
OI001715_2537,O001715,D0029,雪碧,3,62.42,187.26,51.12
OI001715_2538,O001715,D0031,奶茶,2,16.92,33.84,11.4
OI001716_2539,O001716,D0025,排骨汤,1,76.89,76.89,21.57
OI001717_2540,O001717,D0009,凉拌黄瓜,1,30.24,30.24,11.4
OI001717_2541,O001717,D0012,拍黄瓜,3,13.71,41.13,15.51
OI001717_2542,O001717,D0036,布丁,2,23.91,47.82,15.54
OI001717_2543,O001717,D0006,水煮鱼,3,31.45,94.35,35.46
OI001718_2544,O001718,D0006,水煮鱼,2,31.45,62.9,23.64
OI001718_2545,O001718,D0031,奶茶,3,16.92,50.76,17.1
OI001718_2546,O001718,D0035,蛋糕,1,31.88,31.88,12.04
OI001719_2547,O001719,D0025,排骨汤,1,76.89,76.89,21.57
OI001720_2548,O001720,D0024,酸辣汤,1,48.76,48.76,13.08
OI001720_2549,O001720,D0026,鸡汤,2,71.37,142.74,47.74
OI001720_2550,O001720,D0012,拍黄瓜,2,13.71,27.42,10.34
OI001721_2551,O001721,D0036,布丁,2,23.91,47.82,15.54
OI001721_2552,O001721,D0004,红烧肉,3,56.3,168.9,69.48
OI001721_2553,O001721,D0006,水煮鱼,2,31.45,62.9,23.64
OI001722_2554,O001722,D0022,番茄蛋汤,1,54.77,54.77,23.53
OI001722_2555,O001722,D0019,饺子,1,47.94,47.94,20.47
OI001722_2556,O001722,D0035,蛋糕,2,31.88,63.76,24.08
OI001722_2557,O001722,D0026,鸡汤,3,71.37,214.11,71.61
OI001722_2558,O001722,D0025,排骨汤,3,76.89,230.67,64.71
OI001723_2559,O001723,D0030,橙汁,2,68.07,136.14,54.96
OI001723_2560,O001723,D0037,西米露,3,51.15,153.45,62.25
OI001723_2561,O001723,D0014,蒜泥白肉,3,29.6,88.8,38.64
OI001724_2562,O001724,D0036,布丁,2,23.91,47.82,15.54
OI001725_2563,O001725,D0003,麻婆豆腐,3,16.18,48.54,15.81
OI001725_2564,O001725,D0037,西米露,1,51.15,51.15,20.75
OI001725_2565,O001725,D0012,拍黄瓜,1,13.71,13.71,5.17
OI001725_2566,O001725,D0011,夫妻肺片,1,29.36,29.36,12.84
OI001725_2567,O001725,D0016,面条,3,26.32,78.96,20.25
OI001726_2568,O001726,D0022,番茄蛋汤,3,54.77,164.31,70.59
OI001727_2569,O001727,D0035,蛋糕,1,31.88,31.88,12.04
OI001727_2570,O001727,D0009,凉拌黄瓜,1,30.24,30.24,11.4
OI001727_2571,O001727,D0010,口水鸡,3,21.01,63.03,20.25
OI001728_2572,O001728,D0023,紫菜蛋花汤,1,36.96,36.96,16.61
OI001728_2573,O001728,D0031,奶茶,3,16.92,50.76,17.1
OI001728_2574,O001728,D0020,馒头,2,44.71,89.42,27.1
OI001728_2575,O001728,D0022,番茄蛋汤,2,54.77,109.54,47.06
OI001729_2576,O001729,D0014,蒜泥白肉,3,29.6,88.8,38.64
OI001729_2577,O001729,D0032,咖啡,1,8.26,8.26,3.26
OI001729_2578,O001729,D0034,冰淇淋,1,48.61,48.61,13.19
OI001730_2579,O001730,D0003,麻婆豆腐,3,16.18,48.54,15.81
OI001730_2580,O001730,D0005,糖醋排骨,3,17.99,53.97,23.46
OI001730_2581,O001730,D0001,宫保鸡丁,3,72.75,218.25,54.84
OI001730_2582,O001730,D0032,咖啡,3,8.26,24.78,9.78
OI001730_2583,O001730,D0019,饺子,3,47.94,143.82,61.41
OI001731_2584,O001731,D0031,奶茶,1,16.92,16.92,5.7
OI001731_2585,O001731,D0033,柠檬水,1,29.07,29.07,10.18
OI001731_2586,O001731,D0023,紫菜蛋花汤,1,36.96,36.96,16.61
OI001731_2587,O001731,D0029,雪碧,3,62.42,187.26,51.12
OI001731_2588,O001731,D0024,酸辣汤,3,48.76,146.28,39.24
OI001731_2589,O001731,D0025,排骨汤,3,76.89,230.67,64.71
OI001732_2590,O001732,D0024,酸辣汤,3,48.76,146.28,39.24
OI001732_2591,O001732,D0016,面条,2,26.32,52.64,13.5
OI001732_2592,O001732,D0032,咖啡,2,8.26,16.52,6.52
OI001732_2593,O001732,D0002,鱼香肉丝,2,41.81,83.62,25.56
OI001732_2594,O001732,D0019,饺子,1,47.94,47.94,20.47
OI001733_2595,O001733,D0002,鱼香肉丝,2,41.81,83.62,25.56
OI001733_2596,O001733,D0007,回锅肉,3,23.38,70.14,18.51
OI001733_2597,O001733,D0036,布丁,1,23.91,23.91,7.77
OI001733_2598,O001733,D0001,宫保鸡丁,3,72.75,218.25,54.84
OI001734_2599,O001734,D0008,小炒黄牛肉,3,86.82,260.46,109.68
OI001734_2600,O001734,D0027,豆腐汤,2,38.78,77.56,28.64
OI001734_2601,O001734,D0022,番茄蛋汤,3,54.77,164.31,70.59
OI001735_2602,O001735,D0021,葱油饼,3,67.6,202.8,72.57
OI001735_2603,O001735,D0027,豆腐汤,3,38.78,116.34,42.96
OI001735_2604,O001735,D0030,橙汁,3,68.07,204.21,82.44
OI001735_2605,O001735,D0033,柠檬水,1,29.07,29.07,10.18
OI001736_2606,O001736,D0029,雪碧,3,62.42,187.26,51.12
OI001736_2607,O001736,D0028,可乐,2,50.33,100.66,44.72
OI001737_2608,O001737,D0009,凉拌黄瓜,3,30.24,90.72,34.2
OI001737_2609,O001737,D0037,西米露,1,51.15,51.15,20.75
OI001737_2610,O001737,D0036,布丁,1,23.91,23.91,7.77
OI001737_2611,O001737,D0035,蛋糕,1,31.88,31.88,12.04
OI001738_2612,O001738,D0028,可乐,2,50.33,100.66,44.72
OI001738_2613,O001738,D0011,夫妻肺片,1,29.36,29.36,12.84
OI001738_2614,O001738,D0032,咖啡,2,8.26,16.52,6.52
OI001738_2615,O001738,D0021,葱油饼,3,67.6,202.8,72.57
OI001739_2616,O001739,D0030,橙汁,1,68.07,68.07,27.48
OI001739_2617,O001739,D0017,炒饭,1,40.09,40.09,10.55
OI001739_2618,O001739,D0034,冰淇淋,3,48.61,145.83,39.57
OI001739_2619,O001739,D0020,馒头,2,44.71,89.42,27.1
OI001739_2620,O001739,D0024,酸辣汤,2,48.76,97.52,26.16
OI001739_2621,O001739,D0027,豆腐汤,2,38.78,77.56,28.64
OI001740_2622,O001740,D0004,红烧肉,3,56.3,168.9,69.48
OI001740_2623,O001740,D0039,红豆沙,1,9.56,9.56,4.17
OI001740_2624,O001740,D0010,口水鸡,1,21.01,21.01,6.75
OI001740_2625,O001740,D0037,西米露,1,51.15,51.15,20.75
OI001740_2626,O001740,D0036,布丁,3,23.91,71.73,23.31
OI001741_2627,O001741,D0008,小炒黄牛肉,1,86.82,86.82,36.56
OI001742_2628,O001742,D0032,咖啡,2,8.26,16.52,6.52
OI001742_2629,O001742,D0014,蒜泥白肉,2,29.6,59.2,25.76
OI001742_2630,O001742,D0028,可乐,2,50.33,100.66,44.72
OI001742_2631,O001742,D0027,豆腐汤,2,38.78,77.56,28.64
OI001743_2632,O001743,D0016,面条,2,26.32,52.64,13.5
OI001744_2633,O001744,D0020,馒头,2,44.71,89.42,27.1
OI001744_2634,O001744,D0004,红烧肉,3,56.3,168.9,69.48
OI001744_2635,O001744,D0001,宫保鸡丁,1,72.75,72.75,18.28
OI001745_2636,O001745,D0008,小炒黄牛肉,3,86.82,260.46,109.68
OI001746_2637,O001746,D0020,馒头,2,44.71,89.42,27.1
OI001746_2638,O001746,D0007,回锅肉,3,23.38,70.14,18.51
OI001746_2639,O001746,D0018,包子,2,78.11,156.22,48.88
OI001746_2640,O001746,D0009,凉拌黄瓜,3,30.24,90.72,34.2
OI001746_2641,O001746,D0014,蒜泥白肉,1,29.6,29.6,12.88
OI001747_2642,O001747,D0021,葱油饼,1,67.6,67.6,24.19
OI001748_2643,O001748,D0002,鱼香肉丝,3,41.81,125.43,38.34
OI001748_2644,O001748,D0013,凉拌木耳,2,66.33,132.66,37.5
OI001749_2645,O001749,D0036,布丁,2,23.91,47.82,15.54
OI001750_2646,O001750,D0038,双皮奶,3,81.48,244.44,90.39
OI001750_2647,O001750,D0035,蛋糕,1,31.88,31.88,12.04
OI001750_2648,O001750,D0024,酸辣汤,1,48.76,48.76,13.08
OI001750_2649,O001750,D0006,水煮鱼,1,31.45,31.45,11.82
OI001750_2650,O001750,D0036,布丁,3,23.91,71.73,23.31
OI001750_2651,O001750,D0023,紫菜蛋花汤,2,36.96,73.92,33.22
OI001751_2652,O001751,D0035,蛋糕,1,31.88,31.88,12.04
OI001751_2653,O001751,D0029,雪碧,1,62.42,62.42,17.04
OI001751_2654,O001751,D0001,宫保鸡丁,3,72.75,218.25,54.84
OI001752_2655,O001752,D0009,凉拌黄瓜,1,30.24,30.24,11.4
OI001752_2656,O001752,D0029,雪碧,2,62.42,124.84,34.08
OI001753_2657,O001753,D0023,紫菜蛋花汤,2,36.96,73.92,33.22
OI001753_2658,O001753,D0004,红烧肉,1,56.3,56.3,23.16
OI001754_2659,O001754,D0012,拍黄瓜,1,13.71,13.71,5.17
OI001755_2660,O001755,D0033,柠檬水,3,29.07,87.21,30.54
OI001755_2661,O001755,D0002,鱼香肉丝,1,41.81,41.81,12.78
OI001755_2662,O001755,D0008,小炒黄牛肉,2,86.82,173.64,73.12
OI001756_2663,O001756,D0025,排骨汤,3,76.89,230.67,64.71
OI001756_2664,O001756,D0026,鸡汤,1,71.37,71.37,23.87
OI001756_2665,O001756,D0033,柠檬水,2,29.07,58.14,20.36
OI001757_2666,O001757,D0030,橙汁,2,68.07,136.14,54.96
OI001757_2667,O001757,D0037,西米露,1,51.15,51.15,20.75
OI001757_2668,O001757,D0022,番茄蛋汤,2,54.77,109.54,47.06
OI001757_2669,O001757,D0018,包子,2,78.11,156.22,48.88
OI001758_2670,O001758,D0036,布丁,3,23.91,71.73,23.31
OI001758_2671,O001758,D0017,炒饭,1,40.09,40.09,10.55
OI001759_2672,O001759,D0009,凉拌黄瓜,1,30.24,30.24,11.4
OI001759_2673,O001759,D0008,小炒黄牛肉,3,86.82,260.46,109.68
OI001759_2674,O001759,D0017,炒饭,2,40.09,80.18,21.1
OI001759_2675,O001759,D0011,夫妻肺片,2,29.36,58.72,25.68
OI001760_2676,O001760,D0017,炒饭,2,40.09,80.18,21.1
OI001760_2677,O001760,D0022,番茄蛋汤,3,54.77,164.31,70.59
OI001760_2678,O001760,D0039,红豆沙,1,9.56,9.56,4.17
OI001760_2679,O001760,D0006,水煮鱼,2,31.45,62.9,23.64
OI001760_2680,O001760,D0021,葱油饼,1,67.6,67.6,24.19
OI001761_2681,O001761,D0016,面条,3,26.32,78.96,20.25
OI001762_2682,O001762,D0031,奶茶,1,16.92,16.92,5.7
OI001762_2683,O001762,D0014,蒜泥白肉,1,29.6,29.6,12.88
OI001762_2684,O001762,D0015,米饭,2,52.56,105.12,40.68
OI001762_2685,O001762,D0025,排骨汤,3,76.89,230.67,64.71
OI001762_2686,O001762,D0034,冰淇淋,1,48.61,48.61,13.19
OI001762_2687,O001762,D0026,鸡汤,2,71.37,142.74,47.74
OI001763_2688,O001763,D0010,口水鸡,1,21.01,21.01,6.75
OI001763_2689,O001763,D0006,水煮鱼,1,31.45,31.45,11.82
OI001763_2690,O001763,D0033,柠檬水,3,29.07,87.21,30.54
OI001763_2691,O001763,D0028,可乐,3,50.33,150.99,67.08
OI001764_2692,O001764,D0033,柠檬水,2,29.07,58.14,20.36
OI001764_2693,O001764,D0011,夫妻肺片,3,29.36,88.08,38.52
OI001764_2694,O001764,D0022,番茄蛋汤,3,54.77,164.31,70.59
OI001765_2695,O001765,D0027,豆腐汤,2,38.78,77.56,28.64
OI001765_2696,O001765,D0020,馒头,2,44.71,89.42,27.1
OI001765_2697,O001765,D0038,双皮奶,1,81.48,81.48,30.13
OI001765_2698,O001765,D0011,夫妻肺片,1,29.36,29.36,12.84
OI001766_2699,O001766,D0028,可乐,3,50.33,150.99,67.08
OI001766_2700,O001766,D0038,双皮奶,2,81.48,162.96,60.26
OI001766_2701,O001766,D0017,炒饭,2,40.09,80.18,21.1
OI001766_2702,O001766,D0021,葱油饼,3,67.6,202.8,72.57
OI001767_2703,O001767,D0031,奶茶,1,16.92,16.92,5.7
OI001767_2704,O001767,D0029,雪碧,3,62.42,187.26,51.12
OI001767_2705,O001767,D0024,酸辣汤,2,48.76,97.52,26.16
OI001767_2706,O001767,D0018,包子,2,78.11,156.22,48.88
OI001767_2707,O001767,D0034,冰淇淋,1,48.61,48.61,13.19
OI001768_2708,O001768,D0021,葱油饼,1,67.6,67.6,24.19
OI001769_2709,O001769,D0019,饺子,3,47.94,143.82,61.41
OI001769_2710,O001769,D0030,橙汁,2,68.07,136.14,54.96
OI001769_2711,O001769,D0010,口水鸡,1,21.01,21.01,6.75
OI001770_2712,O001770,D0011,夫妻肺片,2,29.36,58.72,25.68
OI001770_2713,O001770,D0030,橙汁,3,68.07,204.21,82.44
OI001770_2714,O001770,D0036,布丁,2,23.91,47.82,15.54
OI001770_2715,O001770,D0001,宫保鸡丁,2,72.75,145.5,36.56
OI001770_2716,O001770,D0037,西米露,3,51.15,153.45,62.25
OI001771_2717,O001771,D0028,可乐,1,50.33,50.33,22.36
OI001772_2718,O001772,D0039,红豆沙,2,9.56,19.12,8.34
OI001772_2719,O001772,D0006,水煮鱼,1,31.45,31.45,11.82
OI001773_2720,O001773,D0033,柠檬水,2,29.07,58.14,20.36
OI001773_2721,O001773,D0035,蛋糕,1,31.88,31.88,12.04
OI001773_2722,O001773,D0015,米饭,2,52.56,105.12,40.68
OI001773_2723,O001773,D0019,饺子,1,47.94,47.94,20.47
OI001774_2724,O001774,D0007,回锅肉,1,23.38,23.38,6.17
OI001774_2725,O001774,D0021,葱油饼,2,67.6,135.2,48.38
OI001775_2726,O001775,D0005,糖醋排骨,3,17.99,53.97,23.46
OI001775_2727,O001775,D0016,面条,3,26.32,78.96,20.25
OI001775_2728,O001775,D0012,拍黄瓜,1,13.71,13.71,5.17
OI001776_2729,O001776,D0025,排骨汤,2,76.89,153.78,43.14
OI001777_2730,O001777,D0022,番茄蛋汤,1,54.77,54.77,23.53
OI001777_2731,O001777,D0028,可乐,1,50.33,50.33,22.36
OI001777_2732,O001777,D0004,红烧肉,2,56.3,112.6,46.32
OI001777_2733,O001777,D0031,奶茶,3,16.92,50.76,17.1
OI001777_2734,O001777,D0024,酸辣汤,3,48.76,146.28,39.24
OI001778_2735,O001778,D0027,豆腐汤,3,38.78,116.34,42.96
OI001778_2736,O001778,D0032,咖啡,2,8.26,16.52,6.52
OI001778_2737,O001778,D0029,雪碧,2,62.42,124.84,34.08
OI001778_2738,O001778,D0018,包子,3,78.11,234.33,73.32
OI001778_2739,O001778,D0025,排骨汤,2,76.89,153.78,43.14
OI001779_2740,O001779,D0031,奶茶,3,16.92,50.76,17.1
OI001779_2741,O001779,D0014,蒜泥白肉,1,29.6,29.6,12.88
OI001779_2742,O001779,D0010,口水鸡,1,21.01,21.01,6.75
OI001780_2743,O001780,D0029,雪碧,3,62.42,187.26,51.12
OI001780_2744,O001780,D0010,口水鸡,2,21.01,42.02,13.5
OI001780_2745,O001780,D0019,饺子,1,47.94,47.94,20.47
OI001780_2746,O001780,D0009,凉拌黄瓜,1,30.24,30.24,11.4
OI001780_2747,O001780,D0022,番茄蛋汤,1,54.77,54.77,23.53
OI001781_2748,O001781,D0021,葱油饼,1,67.6,67.6,24.19
OI001781_2749,O001781,D0006,水煮鱼,1,31.45,31.45,11.82
OI001781_2750,O001781,D0004,红烧肉,1,56.3,56.3,23.16
OI001782_2751,O001782,D0038,双皮奶,3,81.48,244.44,90.39
OI001782_2752,O001782,D0036,布丁,2,23.91,47.82,15.54
OI001783_2753,O001783,D0029,雪碧,1,62.42,62.42,17.04
OI001783_2754,O001783,D0003,麻婆豆腐,1,16.18,16.18,5.27
OI001783_2755,O001783,D0033,柠檬水,3,29.07,87.21,30.54
OI001783_2756,O001783,D0012,拍黄瓜,2,13.71,27.42,10.34
OI001783_2757,O001783,D0025,排骨汤,3,76.89,230.67,64.71
OI001784_2758,O001784,D0003,麻婆豆腐,2,16.18,32.36,10.54
OI001784_2759,O001784,D0023,紫菜蛋花汤,3,36.96,110.88,49.83
OI001784_2760,O001784,D0008,小炒黄牛肉,2,86.82,173.64,73.12
OI001784_2761,O001784,D0015,米饭,1,52.56,52.56,20.34
OI001784_2762,O001784,D0025,排骨汤,1,76.89,76.89,21.57
OI001785_2763,O001785,D0018,包子,2,78.11,156.22,48.88
OI001785_2764,O001785,D0007,回锅肉,2,23.38,46.76,12.34
OI001786_2765,O001786,D0033,柠檬水,1,29.07,29.07,10.18
OI001786_2766,O001786,D0028,可乐,2,50.33,100.66,44.72
OI001786_2767,O001786,D0010,口水鸡,2,21.01,42.02,13.5
OI001787_2768,O001787,D0011,夫妻肺片,3,29.36,88.08,38.52
OI001788_2769,O001788,D0022,番茄蛋汤,3,54.77,164.31,70.59
OI001788_2770,O001788,D0008,小炒黄牛肉,2,86.82,173.64,73.12
OI001788_2771,O001788,D0009,凉拌黄瓜,2,30.24,60.48,22.8
OI001788_2772,O001788,D0013,凉拌木耳,1,66.33,66.33,18.75
OI001788_2773,O001788,D0030,橙汁,2,68.07,136.14,54.96
OI001789_2774,O001789,D0025,排骨汤,1,76.89,76.89,21.57
OI001789_2775,O001789,D0004,红烧肉,1,56.3,56.3,23.16
OI001789_2776,O001789,D0009,凉拌黄瓜,1,30.24,30.24,11.4
OI001789_2777,O001789,D0012,拍黄瓜,2,13.71,27.42,10.34
OI001789_2778,O001789,D0005,糖醋排骨,1,17.99,17.99,7.82
OI001789_2779,O001789,D0035,蛋糕,1,31.88,31.88,12.04
OI001790_2780,O001790,D0004,红烧肉,3,56.3,168.9,69.48
OI001790_2781,O001790,D0016,面条,1,26.32,26.32,6.75
OI001790_2782,O001790,D0010,口水鸡,2,21.01,42.02,13.5
OI001790_2783,O001790,D0031,奶茶,3,16.92,50.76,17.1
OI001790_2784,O001790,D0032,咖啡,2,8.26,16.52,6.52
OI001791_2785,O001791,D0020,馒头,1,44.71,44.71,13.55
OI001792_2786,O001792,D0020,馒头,3,44.71,134.13,40.65
OI001792_2787,O001792,D0018,包子,2,78.11,156.22,48.88
OI001792_2788,O001792,D0009,凉拌黄瓜,1,30.24,30.24,11.4
OI001792_2789,O001792,D0028,可乐,3,50.33,150.99,67.08
OI001792_2790,O001792,D0034,冰淇淋,3,48.61,145.83,39.57
OI001792_2791,O001792,D0032,咖啡,1,8.26,8.26,3.26
OI001793_2792,O001793,D0008,小炒黄牛肉,3,86.82,260.46,109.68
OI001794_2793,O001794,D0019,饺子,1,47.94,47.94,20.47
OI001794_2794,O001794,D0034,冰淇淋,1,48.61,48.61,13.19
OI001794_2795,O001794,D0013,凉拌木耳,1,66.33,66.33,18.75
OI001794_2796,O001794,D0004,红烧肉,1,56.3,56.3,23.16
OI001794_2797,O001794,D0003,麻婆豆腐,3,16.18,48.54,15.81
OI001794_2798,O001794,D0020,馒头,2,44.71,89.42,27.1
OI001795_2799,O001795,D0014,蒜泥白肉,3,29.6,88.8,38.64
OI001795_2800,O001795,D0006,水煮鱼,1,31.45,31.45,11.82
OI001795_2801,O001795,D0030,橙汁,2,68.07,136.14,54.96
OI001795_2802,O001795,D0024,酸辣汤,1,48.76,48.76,13.08
OI001795_2803,O001795,D0038,双皮奶,2,81.48,162.96,60.26
OI001795_2804,O001795,D0027,豆腐汤,3,38.78,116.34,42.96
OI001796_2805,O001796,D0034,冰淇淋,1,48.61,48.61,13.19
OI001796_2806,O001796,D0017,炒饭,2,40.09,80.18,21.1
OI001797_2807,O001797,D0020,馒头,3,44.71,134.13,40.65
OI001797_2808,O001797,D0027,豆腐汤,2,38.78,77.56,28.64
OI001797_2809,O001797,D0018,包子,3,78.11,234.33,73.32
OI001797_2810,O001797,D0030,橙汁,3,68.07,204.21,82.44
OI001797_2811,O001797,D0004,红烧肉,1,56.3,56.3,23.16
OI001797_2812,O001797,D0012,拍黄瓜,1,13.71,13.71,5.17
OI001798_2813,O001798,D0001,宫保鸡丁,2,72.75,145.5,36.56
OI001798_2814,O001798,D0005,糖醋排骨,1,17.99,17.99,7.82
OI001798_2815,O001798,D0021,葱油饼,2,67.6,135.2,48.38
OI001798_2816,O001798,D0031,奶茶,3,16.92,50.76,17.1
OI001798_2817,O001798,D0018,包子,3,78.11,234.33,73.32
OI001798_2818,O001798,D0015,米饭,3,52.56,157.68,61.02
OI001799_2819,O001799,D0032,咖啡,3,8.26,24.78,9.78
OI001800_2820,O001800,D0014,蒜泥白肉,1,29.6,29.6,12.88
OI001800_2821,O001800,D0034,冰淇淋,2,48.61,97.22,26.38
OI001800_2822,O001800,D0027,豆腐汤,3,38.78,116.34,42.96
OI001800_2823,O001800,D0019,饺子,1,47.94,47.94,20.47
OI001800_2824,O001800,D0035,蛋糕,3,31.88,95.64,36.12
OI001801_2825,O001801,D0022,番茄蛋汤,2,54.77,109.54,47.06
OI001801_2826,O001801,D0021,葱油饼,1,67.6,67.6,24.19
OI001801_2827,O001801,D0018,包子,2,78.11,156.22,48.88
OI001802_2828,O001802,D0012,拍黄瓜,2,13.71,27.42,10.34
OI001802_2829,O001802,D0013,凉拌木耳,2,66.33,132.66,37.5
OI001802_2830,O001802,D0021,葱油饼,1,67.6,67.6,24.19
OI001802_2831,O001802,D0022,番茄蛋汤,2,54.77,109.54,47.06
OI001802_2832,O001802,D0009,凉拌黄瓜,3,30.24,90.72,34.2
OI001802_2833,O001802,D0016,面条,2,26.32,52.64,13.5
OI001803_2834,O001803,D0003,麻婆豆腐,1,16.18,16.18,5.27
OI001803_2835,O001803,D0027,豆腐汤,2,38.78,77.56,28.64
OI001803_2836,O001803,D0038,双皮奶,2,81.48,162.96,60.26
OI001803_2837,O001803,D0012,拍黄瓜,2,13.71,27.42,10.34
OI001803_2838,O001803,D0037,西米露,3,51.15,153.45,62.25
OI001804_2839,O001804,D0026,鸡汤,3,71.37,214.11,71.61
OI001804_2840,O001804,D0005,糖醋排骨,1,17.99,17.99,7.82
OI001804_2841,O001804,D0028,可乐,3,50.33,150.99,67.08
OI001804_2842,O001804,D0002,鱼香肉丝,1,41.81,41.81,12.78
OI001804_2843,O001804,D0034,冰淇淋,1,48.61,48.61,13.19
OI001804_2844,O001804,D0025,排骨汤,3,76.89,230.67,64.71
OI001805_2845,O001805,D0037,西米露,1,51.15,51.15,20.75
OI001805_2846,O001805,D0022,番茄蛋汤,1,54.77,54.77,23.53
OI001805_2847,O001805,D0013,凉拌木耳,1,66.33,66.33,18.75
OI001805_2848,O001805,D0038,双皮奶,2,81.48,162.96,60.26
OI001805_2849,O001805,D0035,蛋糕,2,31.88,63.76,24.08
OI001805_2850,O001805,D0026,鸡汤,1,71.37,71.37,23.87
OI001806_2851,O001806,D0022,番茄蛋汤,1,54.77,54.77,23.53
OI001806_2852,O001806,D0015,米饭,2,52.56,105.12,40.68
OI001806_2853,O001806,D0012,拍黄瓜,1,13.71,13.71,5.17
OI001807_2854,O001807,D0020,馒头,2,44.71,89.42,27.1
OI001807_2855,O001807,D0028,可乐,2,50.33,100.66,44.72
OI001807_2856,O001807,D0014,蒜泥白肉,3,29.6,88.8,38.64
OI001807_2857,O001807,D0001,宫保鸡丁,1,72.75,72.75,18.28
OI001807_2858,O001807,D0038,双皮奶,1,81.48,81.48,30.13
OI001807_2859,O001807,D0031,奶茶,2,16.92,33.84,11.4
OI001808_2860,O001808,D0022,番茄蛋汤,2,54.77,109.54,47.06
OI001808_2861,O001808,D0010,口水鸡,3,21.01,63.03,20.25
OI001808_2862,O001808,D0016,面条,1,26.32,26.32,6.75
OI001808_2863,O001808,D0003,麻婆豆腐,2,16.18,32.36,10.54
OI001808_2864,O001808,D0030,橙汁,2,68.07,136.14,54.96
OI001809_2865,O001809,D0029,雪碧,3,62.42,187.26,51.12
OI001810_2866,O001810,D0033,柠檬水,2,29.07,58.14,20.36
OI001811_2867,O001811,D0015,米饭,2,52.56,105.12,40.68
OI001812_2868,O001812,D0037,西米露,3,51.15,153.45,62.25
OI001812_2869,O001812,D0005,糖醋排骨,3,17.99,53.97,23.46
OI001812_2870,O001812,D0018,包子,1,78.11,78.11,24.44
OI001813_2871,O001813,D0014,蒜泥白肉,2,29.6,59.2,25.76
OI001814_2872,O001814,D0017,炒饭,3,40.09,120.27,31.65
OI001814_2873,O001814,D0003,麻婆豆腐,2,16.18,32.36,10.54
OI001814_2874,O001814,D0025,排骨汤,2,76.89,153.78,43.14
OI001814_2875,O001814,D0039,红豆沙,3,9.56,28.68,12.51
OI001815_2876,O001815,D0032,咖啡,1,8.26,8.26,3.26
OI001816_2877,O001816,D0030,橙汁,2,68.07,136.14,54.96
OI001816_2878,O001816,D0012,拍黄瓜,1,13.71,13.71,5.17
OI001816_2879,O001816,D0037,西米露,1,51.15,51.15,20.75
OI001816_2880,O001816,D0022,番茄蛋汤,2,54.77,109.54,47.06
OI001817_2881,O001817,D0037,西米露,3,51.15,153.45,62.25
OI001818_2882,O001818,D0014,蒜泥白肉,3,29.6,88.8,38.64
OI001819_2883,O001819,D0001,宫保鸡丁,1,72.75,72.75,18.28
OI001819_2884,O001819,D0030,橙汁,3,68.07,204.21,82.44
OI001819_2885,O001819,D0038,双皮奶,2,81.48,162.96,60.26
OI001819_2886,O001819,D0012,拍黄瓜,2,13.71,27.42,10.34
OI001819_2887,O001819,D0036,布丁,2,23.91,47.82,15.54
OI001819_2888,O001819,D0007,回锅肉,2,23.38,46.76,12.34
OI001820_2889,O001820,D0022,番茄蛋汤,3,54.77,164.31,70.59
OI001820_2890,O001820,D0008,小炒黄牛肉,3,86.82,260.46,109.68
OI001821_2891,O001821,D0017,炒饭,1,40.09,40.09,10.55
OI001821_2892,O001821,D0029,雪碧,1,62.42,62.42,17.04
OI001821_2893,O001821,D0024,酸辣汤,3,48.76,146.28,39.24
OI001821_2894,O001821,D0008,小炒黄牛肉,2,86.82,173.64,73.12
OI001822_2895,O001822,D0029,雪碧,1,62.42,62.42,17.04
OI001822_2896,O001822,D0007,回锅肉,3,23.38,70.14,18.51
OI001822_2897,O001822,D0008,小炒黄牛肉,1,86.82,86.82,36.56
OI001822_2898,O001822,D0011,夫妻肺片,2,29.36,58.72,25.68
OI001822_2899,O001822,D0002,鱼香肉丝,3,41.81,125.43,38.34
OI001823_2900,O001823,D0010,口水鸡,1,21.01,21.01,6.75
OI001823_2901,O001823,D0014,蒜泥白肉,3,29.6,88.8,38.64
OI001823_2902,O001823,D0013,凉拌木耳,2,66.33,132.66,37.5
OI001823_2903,O001823,D0002,鱼香肉丝,2,41.81,83.62,25.56
OI001824_2904,O001824,D0021,葱油饼,3,67.6,202.8,72.57
OI001824_2905,O001824,D0012,拍黄瓜,2,13.71,27.42,10.34
OI001824_2906,O001824,D0024,酸辣汤,1,48.76,48.76,13.08
OI001824_2907,O001824,D0008,小炒黄牛肉,1,86.82,86.82,36.56
OI001824_2908,O001824,D0027,豆腐汤,1,38.78,38.78,14.32
OI001825_2909,O001825,D0021,葱油饼,3,67.6,202.8,72.57
OI001825_2910,O001825,D0038,双皮奶,2,81.48,162.96,60.26
OI001825_2911,O001825,D0034,冰淇淋,3,48.61,145.83,39.57
OI001825_2912,O001825,D0023,紫菜蛋花汤,3,36.96,110.88,49.83
OI001826_2913,O001826,D0034,冰淇淋,1,48.61,48.61,13.19
OI001826_2914,O001826,D0013,凉拌木耳,2,66.33,132.66,37.5
OI001826_2915,O001826,D0019,饺子,3,47.94,143.82,61.41
OI001826_2916,O001826,D0012,拍黄瓜,2,13.71,27.42,10.34
OI001827_2917,O001827,D0031,奶茶,3,16.92,50.76,17.1
OI001828_2918,O001828,D0006,水煮鱼,2,31.45,62.9,23.64
OI001828_2919,O001828,D0003,麻婆豆腐,3,16.18,48.54,15.81
OI001828_2920,O001828,D0014,蒜泥白肉,2,29.6,59.2,25.76
OI001829_2921,O001829,D0037,西米露,3,51.15,153.45,62.25
OI001829_2922,O001829,D0013,凉拌木耳,3,66.33,198.99,56.25
OI001829_2923,O001829,D0012,拍黄瓜,2,13.71,27.42,10.34
OI001830_2924,O001830,D0008,小炒黄牛肉,3,86.82,260.46,109.68
OI001831_2925,O001831,D0012,拍黄瓜,2,13.71,27.42,10.34
OI001831_2926,O001831,D0015,米饭,2,52.56,105.12,40.68
OI001831_2927,O001831,D0006,水煮鱼,2,31.45,62.9,23.64
OI001831_2928,O001831,D0019,饺子,3,47.94,143.82,61.41
OI001831_2929,O001831,D0013,凉拌木耳,1,66.33,66.33,18.75
OI001832_2930,O001832,D0010,口水鸡,1,21.01,21.01,6.75
OI001832_2931,O001832,D0036,布丁,1,23.91,23.91,7.77
OI001832_2932,O001832,D0031,奶茶,2,16.92,33.84,11.4
OI001832_2933,O001832,D0035,蛋糕,2,31.88,63.76,24.08
OI001833_2934,O001833,D0005,糖醋排骨,2,17.99,35.98,15.64
OI001833_2935,O001833,D0039,红豆沙,2,9.56,19.12,8.34
OI001833_2936,O001833,D0028,可乐,2,50.33,100.66,44.72
OI001833_2937,O001833,D0001,宫保鸡丁,1,72.75,72.75,18.28
OI001833_2938,O001833,D0012,拍黄瓜,3,13.71,41.13,15.51
OI001833_2939,O001833,D0036,布丁,1,23.91,23.91,7.77
OI001834_2940,O001834,D0039,红豆沙,2,9.56,19.12,8.34
OI001835_2941,O001835,D0002,鱼香肉丝,3,41.81,125.43,38.34
OI001836_2942,O001836,D0012,拍黄瓜,1,13.71,13.71,5.17
OI001836_2943,O001836,D0027,豆腐汤,1,38.78,38.78,14.32
OI001836_2944,O001836,D0029,雪碧,2,62.42,124.84,34.08
OI001836_2945,O001836,D0036,布丁,3,23.91,71.73,23.31
OI001836_2946,O001836,D0038,双皮奶,1,81.48,81.48,30.13
OI001836_2947,O001836,D0007,回锅肉,2,23.38,46.76,12.34
OI001837_2948,O001837,D0009,凉拌黄瓜,1,30.24,30.24,11.4
OI001837_2949,O001837,D0033,柠檬水,1,29.07,29.07,10.18
OI001837_2950,O001837,D0039,红豆沙,2,9.56,19.12,8.34
OI001837_2951,O001837,D0037,西米露,3,51.15,153.45,62.25
OI001838_2952,O001838,D0016,面条,3,26.32,78.96,20.25
OI001839_2953,O001839,D0012,拍黄瓜,3,13.71,41.13,15.51
OI001839_2954,O001839,D0039,红豆沙,3,9.56,28.68,12.51
OI001839_2955,O001839,D0007,回锅肉,3,23.38,70.14,18.51
OI001839_2956,O001839,D0023,紫菜蛋花汤,3,36.96,110.88,49.83
OI001839_2957,O001839,D0037,西米露,1,51.15,51.15,20.75
OI001839_2958,O001839,D0034,冰淇淋,2,48.61,97.22,26.38
OI001840_2959,O001840,D0032,咖啡,3,8.26,24.78,9.78
OI001840_2960,O001840,D0002,鱼香肉丝,3,41.81,125.43,38.34
OI001840_2961,O001840,D0020,馒头,2,44.71,89.42,27.1
OI001840_2962,O001840,D0026,鸡汤,2,71.37,142.74,47.74
OI001840_2963,O001840,D0039,红豆沙,1,9.56,9.56,4.17
OI001841_2964,O001841,D0003,麻婆豆腐,1,16.18,16.18,5.27
OI001841_2965,O001841,D0007,回锅肉,1,23.38,23.38,6.17
OI001841_2966,O001841,D0018,包子,2,78.11,156.22,48.88
OI001842_2967,O001842,D0037,西米露,1,51.15,51.15,20.75
OI001842_2968,O001842,D0024,酸辣汤,2,48.76,97.52,26.16
OI001842_2969,O001842,D0002,鱼香肉丝,2,41.81,83.62,25.56
OI001842_2970,O001842,D0007,回锅肉,2,23.38,46.76,12.34
OI001843_2971,O001843,D0009,凉拌黄瓜,1,30.24,30.24,11.4
OI001843_2972,O001843,D0034,冰淇淋,3,48.61,145.83,39.57
OI001844_2973,O001844,D0032,咖啡,1,8.26,8.26,3.26
OI001844_2974,O001844,D0015,米饭,3,52.56,157.68,61.02
OI001844_2975,O001844,D0020,馒头,3,44.71,134.13,40.65
OI001844_2976,O001844,D0009,凉拌黄瓜,2,30.24,60.48,22.8
OI001844_2977,O001844,D0018,包子,2,78.11,156.22,48.88
OI001844_2978,O001844,D0039,红豆沙,3,9.56,28.68,12.51
OI001845_2979,O001845,D0025,排骨汤,3,76.89,230.67,64.71
OI001845_2980,O001845,D0016,面条,1,26.32,26.32,6.75
OI001845_2981,O001845,D0023,紫菜蛋花汤,1,36.96,36.96,16.61
OI001846_2982,O001846,D0004,红烧肉,2,56.3,112.6,46.32
OI001846_2983,O001846,D0010,口水鸡,2,21.01,42.02,13.5
OI001846_2984,O001846,D0014,蒜泥白肉,3,29.6,88.8,38.64
OI001846_2985,O001846,D0038,双皮奶,1,81.48,81.48,30.13
OI001846_2986,O001846,D0017,炒饭,2,40.09,80.18,21.1
OI001847_2987,O001847,D0016,面条,2,26.32,52.64,13.5
OI001847_2988,O001847,D0009,凉拌黄瓜,1,30.24,30.24,11.4
OI001847_2989,O001847,D0014,蒜泥白肉,2,29.6,59.2,25.76
OI001847_2990,O001847,D0003,麻婆豆腐,2,16.18,32.36,10.54
OI001847_2991,O001847,D0002,鱼香肉丝,1,41.81,41.81,12.78
OI001848_2992,O001848,D0012,拍黄瓜,3,13.71,41.13,15.51
OI001849_2993,O001849,D0021,葱油饼,3,67.6,202.8,72.57
OI001849_2994,O001849,D0031,奶茶,1,16.92,16.92,5.7
OI001849_2995,O001849,D0015,米饭,3,52.56,157.68,61.02
OI001849_2996,O001849,D0020,馒头,1,44.71,44.71,13.55
OI001849_2997,O001849,D0004,红烧肉,2,56.3,112.6,46.32
OI001849_2998,O001849,D0024,酸辣汤,3,48.76,146.28,39.24
OI001850_2999,O001850,D0032,咖啡,3,8.26,24.78,9.78
OI001850_3000,O001850,D0033,柠檬水,1,29.07,29.07,10.18
OI001850_3001,O001850,D0014,蒜泥白肉,1,29.6,29.6,12.88
OI001850_3002,O001850,D0016,面条,2,26.32,52.64,13.5
OI001850_3003,O001850,D0035,蛋糕,3,31.88,95.64,36.12
OI001850_3004,O001850,D0005,糖醋排骨,3,17.99,53.97,23.46
OI001851_3005,O001851,D0009,凉拌黄瓜,1,30.24,30.24,11.4
OI001851_3006,O001851,D0010,口水鸡,1,21.01,21.01,6.75
OI001851_3007,O001851,D0019,饺子,3,47.94,143.82,61.41
OI001851_3008,O001851,D0002,鱼香肉丝,2,41.81,83.62,25.56
OI001852_3009,O001852,D0003,麻婆豆腐,3,16.18,48.54,15.81
OI001852_3010,O001852,D0015,米饭,2,52.56,105.12,40.68
OI001853_3011,O001853,D0015,米饭,2,52.56,105.12,40.68
OI001854_3012,O001854,D0014,蒜泥白肉,3,29.6,88.8,38.64
OI001854_3013,O001854,D0012,拍黄瓜,2,13.71,27.42,10.34
OI001855_3014,O001855,D0025,排骨汤,3,76.89,230.67,64.71
OI001855_3015,O001855,D0026,鸡汤,3,71.37,214.11,71.61
OI001856_3016,O001856,D0013,凉拌木耳,3,66.33,198.99,56.25
OI001856_3017,O001856,D0006,水煮鱼,2,31.45,62.9,23.64
OI001856_3018,O001856,D0024,酸辣汤,3,48.76,146.28,39.24
OI001857_3019,O001857,D0007,回锅肉,3,23.38,70.14,18.51
OI001857_3020,O001857,D0012,拍黄瓜,2,13.71,27.42,10.34
OI001857_3021,O001857,D0030,橙汁,1,68.07,68.07,27.48
OI001858_3022,O001858,D0004,红烧肉,3,56.3,168.9,69.48
OI001858_3023,O001858,D0014,蒜泥白肉,2,29.6,59.2,25.76
OI001858_3024,O001858,D0016,面条,1,26.32,26.32,6.75
OI001858_3025,O001858,D0026,鸡汤,2,71.37,142.74,47.74
OI001859_3026,O001859,D0034,冰淇淋,2,48.61,97.22,26.38
OI001859_3027,O001859,D0038,双皮奶,1,81.48,81.48,30.13
OI001859_3028,O001859,D0015,米饭,3,52.56,157.68,61.02
OI001859_3029,O001859,D0016,面条,2,26.32,52.64,13.5
OI001859_3030,O001859,D0003,麻婆豆腐,3,16.18,48.54,15.81
OI001860_3031,O001860,D0006,水煮鱼,3,31.45,94.35,35.46
OI001860_3032,O001860,D0036,布丁,3,23.91,71.73,23.31
OI001861_3033,O001861,D0038,双皮奶,1,81.48,81.48,30.13
OI001861_3034,O001861,D0017,炒饭,2,40.09,80.18,21.1
OI001861_3035,O001861,D0039,红豆沙,2,9.56,19.12,8.34
OI001862_3036,O001862,D0025,排骨汤,2,76.89,153.78,43.14
OI001862_3037,O001862,D0027,豆腐汤,3,38.78,116.34,42.96
OI001862_3038,O001862,D0011,夫妻肺片,2,29.36,58.72,25.68
OI001863_3039,O001863,D0017,炒饭,1,40.09,40.09,10.55
OI001863_3040,O001863,D0024,酸辣汤,3,48.76,146.28,39.24
OI001863_3041,O001863,D0001,宫保鸡丁,1,72.75,72.75,18.28
OI001864_3042,O001864,D0020,馒头,3,44.71,134.13,40.65
OI001864_3043,O001864,D0039,红豆沙,3,9.56,28.68,12.51
OI001864_3044,O001864,D0029,雪碧,1,62.42,62.42,17.04
OI001864_3045,O001864,D0037,西米露,1,51.15,51.15,20.75
OI001864_3046,O001864,D0038,双皮奶,3,81.48,244.44,90.39
OI001865_3047,O001865,D0029,雪碧,3,62.42,187.26,51.12
OI001865_3048,O001865,D0024,酸辣汤,2,48.76,97.52,26.16
OI001865_3049,O001865,D0023,紫菜蛋花汤,1,36.96,36.96,16.61
OI001865_3050,O001865,D0035,蛋糕,3,31.88,95.64,36.12
OI001865_3051,O001865,D0022,番茄蛋汤,2,54.77,109.54,47.06
OI001865_3052,O001865,D0015,米饭,3,52.56,157.68,61.02
OI001866_3053,O001866,D0001,宫保鸡丁,2,72.75,145.5,36.56
OI001866_3054,O001866,D0023,紫菜蛋花汤,3,36.96,110.88,49.83
OI001866_3055,O001866,D0022,番茄蛋汤,2,54.77,109.54,47.06
OI001867_3056,O001867,D0035,蛋糕,2,31.88,63.76,24.08
OI001867_3057,O001867,D0024,酸辣汤,1,48.76,48.76,13.08
OI001867_3058,O001867,D0017,炒饭,1,40.09,40.09,10.55
OI001867_3059,O001867,D0036,布丁,3,23.91,71.73,23.31
OI001867_3060,O001867,D0030,橙汁,2,68.07,136.14,54.96
OI001867_3061,O001867,D0013,凉拌木耳,3,66.33,198.99,56.25
OI001868_3062,O001868,D0023,紫菜蛋花汤,3,36.96,110.88,49.83
OI001868_3063,O001868,D0018,包子,2,78.11,156.22,48.88
OI001868_3064,O001868,D0029,雪碧,3,62.42,187.26,51.12
OI001868_3065,O001868,D0028,可乐,1,50.33,50.33,22.36
OI001868_3066,O001868,D0015,米饭,1,52.56,52.56,20.34
OI001869_3067,O001869,D0037,西米露,2,51.15,102.3,41.5
OI001869_3068,O001869,D0026,鸡汤,2,71.37,142.74,47.74
OI001870_3069,O001870,D0027,豆腐汤,2,38.78,77.56,28.64
OI001870_3070,O001870,D0001,宫保鸡丁,2,72.75,145.5,36.56
OI001870_3071,O001870,D0033,柠檬水,2,29.07,58.14,20.36
OI001870_3072,O001870,D0021,葱油饼,2,67.6,135.2,48.38
OI001870_3073,O001870,D0013,凉拌木耳,1,66.33,66.33,18.75
OI001870_3074,O001870,D0023,紫菜蛋花汤,3,36.96,110.88,49.83
OI001871_3075,O001871,D0039,红豆沙,3,9.56,28.68,12.51
OI001871_3076,O001871,D0015,米饭,2,52.56,105.12,40.68
OI001871_3077,O001871,D0035,蛋糕,2,31.88,63.76,24.08
OI001872_3078,O001872,D0002,鱼香肉丝,1,41.81,41.81,12.78
OI001872_3079,O001872,D0031,奶茶,3,16.92,50.76,17.1
OI001872_3080,O001872,D0003,麻婆豆腐,2,16.18,32.36,10.54
OI001872_3081,O001872,D0038,双皮奶,3,81.48,244.44,90.39
OI001872_3082,O001872,D0017,炒饭,3,40.09,120.27,31.65
OI001873_3083,O001873,D0010,口水鸡,2,21.01,42.02,13.5
OI001873_3084,O001873,D0013,凉拌木耳,1,66.33,66.33,18.75
OI001873_3085,O001873,D0032,咖啡,1,8.26,8.26,3.26
OI001873_3086,O001873,D0025,排骨汤,3,76.89,230.67,64.71
OI001873_3087,O001873,D0027,豆腐汤,3,38.78,116.34,42.96
OI001873_3088,O001873,D0016,面条,2,26.32,52.64,13.5
OI001874_3089,O001874,D0013,凉拌木耳,1,66.33,66.33,18.75
OI001875_3090,O001875,D0032,咖啡,3,8.26,24.78,9.78
OI001875_3091,O001875,D0033,柠檬水,2,29.07,58.14,20.36
OI001875_3092,O001875,D0028,可乐,3,50.33,150.99,67.08
OI001876_3093,O001876,D0011,夫妻肺片,1,29.36,29.36,12.84
OI001877_3094,O001877,D0027,豆腐汤,3,38.78,116.34,42.96
OI001877_3095,O001877,D0035,蛋糕,1,31.88,31.88,12.04
OI001878_3096,O001878,D0001,宫保鸡丁,1,72.75,72.75,18.28
OI001879_3097,O001879,D0019,饺子,2,47.94,95.88,40.94
OI001879_3098,O001879,D0032,咖啡,2,8.26,16.52,6.52
OI001879_3099,O001879,D0039,红豆沙,1,9.56,9.56,4.17
OI001879_3100,O001879,D0011,夫妻肺片,1,29.36,29.36,12.84
OI001880_3101,O001880,D0022,番茄蛋汤,1,54.77,54.77,23.53
OI001880_3102,O001880,D0035,蛋糕,1,31.88,31.88,12.04
OI001881_3103,O001881,D0006,水煮鱼,2,31.45,62.9,23.64
OI001881_3104,O001881,D0036,布丁,2,23.91,47.82,15.54
OI001881_3105,O001881,D0028,可乐,3,50.33,150.99,67.08
OI001882_3106,O001882,D0021,葱油饼,2,67.6,135.2,48.38
OI001883_3107,O001883,D0025,排骨汤,2,76.89,153.78,43.14
OI001883_3108,O001883,D0033,柠檬水,2,29.07,58.14,20.36
OI001883_3109,O001883,D0019,饺子,1,47.94,47.94,20.47
OI001883_3110,O001883,D0034,冰淇淋,2,48.61,97.22,26.38
OI001883_3111,O001883,D0032,咖啡,3,8.26,24.78,9.78
OI001883_3112,O001883,D0014,蒜泥白肉,3,29.6,88.8,38.64
OI001884_3113,O001884,D0016,面条,2,26.32,52.64,13.5
OI001884_3114,O001884,D0037,西米露,1,51.15,51.15,20.75
OI001884_3115,O001884,D0011,夫妻肺片,1,29.36,29.36,12.84
OI001884_3116,O001884,D0004,红烧肉,3,56.3,168.9,69.48
OI001884_3117,O001884,D0039,红豆沙,1,9.56,9.56,4.17
OI001884_3118,O001884,D0031,奶茶,3,16.92,50.76,17.1
OI001885_3119,O001885,D0020,馒头,3,44.71,134.13,40.65
OI001885_3120,O001885,D0034,冰淇淋,3,48.61,145.83,39.57
OI001886_3121,O001886,D0016,面条,2,26.32,52.64,13.5
OI001886_3122,O001886,D0005,糖醋排骨,3,17.99,53.97,23.46
OI001886_3123,O001886,D0039,红豆沙,2,9.56,19.12,8.34
OI001887_3124,O001887,D0022,番茄蛋汤,1,54.77,54.77,23.53
OI001887_3125,O001887,D0028,可乐,3,50.33,150.99,67.08
OI001887_3126,O001887,D0003,麻婆豆腐,2,16.18,32.36,10.54
OI001887_3127,O001887,D0038,双皮奶,3,81.48,244.44,90.39
OI001888_3128,O001888,D0019,饺子,1,47.94,47.94,20.47
OI001889_3129,O001889,D0035,蛋糕,2,31.88,63.76,24.08
OI001890_3130,O001890,D0008,小炒黄牛肉,1,86.82,86.82,36.56
OI001890_3131,O001890,D0010,口水鸡,2,21.01,42.02,13.5
OI001890_3132,O001890,D0027,豆腐汤,2,38.78,77.56,28.64
OI001890_3133,O001890,D0019,饺子,3,47.94,143.82,61.41
OI001890_3134,O001890,D0032,咖啡,3,8.26,24.78,9.78
OI001890_3135,O001890,D0001,宫保鸡丁,1,72.75,72.75,18.28
OI001891_3136,O001891,D0036,布丁,2,23.91,47.82,15.54
OI001891_3137,O001891,D0018,包子,2,78.11,156.22,48.88
OI001891_3138,O001891,D0029,雪碧,3,62.42,187.26,51.12
OI001891_3139,O001891,D0025,排骨汤,1,76.89,76.89,21.57
OI001891_3140,O001891,D0037,西米露,1,51.15,51.15,20.75
OI001891_3141,O001891,D0021,葱油饼,1,67.6,67.6,24.19
OI001892_3142,O001892,D0030,橙汁,1,68.07,68.07,27.48
OI001892_3143,O001892,D0031,奶茶,2,16.92,33.84,11.4
OI001892_3144,O001892,D0033,柠檬水,2,29.07,58.14,20.36
OI001893_3145,O001893,D0007,回锅肉,1,23.38,23.38,6.17
OI001893_3146,O001893,D0028,可乐,1,50.33,50.33,22.36
OI001894_3147,O001894,D0031,奶茶,1,16.92,16.92,5.7
OI001894_3148,O001894,D0004,红烧肉,3,56.3,168.9,69.48
OI001894_3149,O001894,D0034,冰淇淋,3,48.61,145.83,39.57
OI001895_3150,O001895,D0035,蛋糕,3,31.88,95.64,36.12
OI001895_3151,O001895,D0009,凉拌黄瓜,3,30.24,90.72,34.2
OI001895_3152,O001895,D0016,面条,2,26.32,52.64,13.5
OI001896_3153,O001896,D0001,宫保鸡丁,3,72.75,218.25,54.84
OI001896_3154,O001896,D0002,鱼香肉丝,2,41.81,83.62,25.56
OI001896_3155,O001896,D0018,包子,1,78.11,78.11,24.44
OI001897_3156,O001897,D0008,小炒黄牛肉,1,86.82,86.82,36.56
OI001898_3157,O001898,D0021,葱油饼,3,67.6,202.8,72.57
OI001899_3158,O001899,D0013,凉拌木耳,3,66.33,198.99,56.25
OI001899_3159,O001899,D0025,排骨汤,3,76.89,230.67,64.71
OI001899_3160,O001899,D0023,紫菜蛋花汤,1,36.96,36.96,16.61
OI001900_3161,O001900,D0009,凉拌黄瓜,2,30.24,60.48,22.8
OI001900_3162,O001900,D0031,奶茶,1,16.92,16.92,5.7
OI001901_3163,O001901,D0033,柠檬水,1,29.07,29.07,10.18
OI001901_3164,O001901,D0018,包子,2,78.11,156.22,48.88
OI001901_3165,O001901,D0028,可乐,1,50.33,50.33,22.36
OI001901_3166,O001901,D0023,紫菜蛋花汤,2,36.96,73.92,33.22
OI001902_3167,O001902,D0035,蛋糕,2,31.88,63.76,24.08
OI001903_3168,O001903,D0027,豆腐汤,2,38.78,77.56,28.64
OI001903_3169,O001903,D0020,馒头,1,44.71,44.71,13.55
OI001904_3170,O001904,D0006,水煮鱼,1,31.45,31.45,11.82
OI001904_3171,O001904,D0008,小炒黄牛肉,1,86.82,86.82,36.56
OI001904_3172,O001904,D0039,红豆沙,2,9.56,19.12,8.34
OI001905_3173,O001905,D0022,番茄蛋汤,1,54.77,54.77,23.53
OI001905_3174,O001905,D0030,橙汁,3,68.07,204.21,82.44
OI001905_3175,O001905,D0021,葱油饼,1,67.6,67.6,24.19
OI001906_3176,O001906,D0030,橙汁,1,68.07,68.07,27.48
OI001906_3177,O001906,D0023,紫菜蛋花汤,3,36.96,110.88,49.83
OI001906_3178,O001906,D0035,蛋糕,3,31.88,95.64,36.12
OI001907_3179,O001907,D0031,奶茶,2,16.92,33.84,11.4
OI001908_3180,O001908,D0037,西米露,2,51.15,102.3,41.5
OI001908_3181,O001908,D0027,豆腐汤,1,38.78,38.78,14.32
OI001908_3182,O001908,D0009,凉拌黄瓜,3,30.24,90.72,34.2
OI001908_3183,O001908,D0020,馒头,1,44.71,44.71,13.55
OI001909_3184,O001909,D0022,番茄蛋汤,3,54.77,164.31,70.59
OI001910_3185,O001910,D0021,葱油饼,1,67.6,67.6,24.19
OI001910_3186,O001910,D0027,豆腐汤,1,38.78,38.78,14.32
OI001910_3187,O001910,D0032,咖啡,1,8.26,8.26,3.26
OI001911_3188,O001911,D0017,炒饭,2,40.09,80.18,21.1
OI001911_3189,O001911,D0010,口水鸡,3,21.01,63.03,20.25
OI001911_3190,O001911,D0019,饺子,3,47.94,143.82,61.41
OI001911_3191,O001911,D0026,鸡汤,3,71.37,214.11,71.61
OI001911_3192,O001911,D0022,番茄蛋汤,2,54.77,109.54,47.06
OI001911_3193,O001911,D0005,糖醋排骨,3,17.99,53.97,23.46
OI001912_3194,O001912,D0016,面条,3,26.32,78.96,20.25
OI001913_3195,O001913,D0024,酸辣汤,3,48.76,146.28,39.24
OI001913_3196,O001913,D0006,水煮鱼,3,31.45,94.35,35.46
OI001913_3197,O001913,D0022,番茄蛋汤,1,54.77,54.77,23.53
OI001913_3198,O001913,D0031,奶茶,2,16.92,33.84,11.4
OI001914_3199,O001914,D0005,糖醋排骨,3,17.99,53.97,23.46
OI001914_3200,O001914,D0038,双皮奶,1,81.48,81.48,30.13
OI001915_3201,O001915,D0011,夫妻肺片,2,29.36,58.72,25.68
OI001915_3202,O001915,D0016,面条,3,26.32,78.96,20.25
OI001915_3203,O001915,D0007,回锅肉,2,23.38,46.76,12.34
OI001916_3204,O001916,D0004,红烧肉,1,56.3,56.3,23.16
OI001916_3205,O001916,D0018,包子,1,78.11,78.11,24.44
OI001916_3206,O001916,D0036,布丁,3,23.91,71.73,23.31
OI001917_3207,O001917,D0002,鱼香肉丝,3,41.81,125.43,38.34
OI001917_3208,O001917,D0027,豆腐汤,3,38.78,116.34,42.96
OI001917_3209,O001917,D0018,包子,3,78.11,234.33,73.32
OI001918_3210,O001918,D0018,包子,2,78.11,156.22,48.88
OI001918_3211,O001918,D0013,凉拌木耳,1,66.33,66.33,18.75
OI001919_3212,O001919,D0001,宫保鸡丁,2,72.75,145.5,36.56
OI001919_3213,O001919,D0026,鸡汤,1,71.37,71.37,23.87
OI001920_3214,O001920,D0012,拍黄瓜,2,13.71,27.42,10.34
OI001920_3215,O001920,D0003,麻婆豆腐,3,16.18,48.54,15.81
OI001921_3216,O001921,D0020,馒头,1,44.71,44.71,13.55
OI001921_3217,O001921,D0029,雪碧,3,62.42,187.26,51.12
OI001921_3218,O001921,D0004,红烧肉,2,56.3,112.6,46.32
OI001922_3219,O001922,D0022,番茄蛋汤,3,54.77,164.31,70.59
OI001922_3220,O001922,D0011,夫妻肺片,3,29.36,88.08,38.52
OI001922_3221,O001922,D0008,小炒黄牛肉,1,86.82,86.82,36.56
OI001923_3222,O001923,D0005,糖醋排骨,2,17.99,35.98,15.64
OI001924_3223,O001924,D0035,蛋糕,1,31.88,31.88,12.04
OI001924_3224,O001924,D0031,奶茶,1,16.92,16.92,5.7
OI001924_3225,O001924,D0030,橙汁,3,68.07,204.21,82.44
OI001925_3226,O001925,D0028,可乐,3,50.33,150.99,67.08
OI001925_3227,O001925,D0021,葱油饼,2,67.6,135.2,48.38
OI001925_3228,O001925,D0025,排骨汤,3,76.89,230.67,64.71
OI001925_3229,O001925,D0001,宫保鸡丁,3,72.75,218.25,54.84
OI001925_3230,O001925,D0023,紫菜蛋花汤,2,36.96,73.92,33.22
OI001926_3231,O001926,D0011,夫妻肺片,3,29.36,88.08,38.52
OI001926_3232,O001926,D0017,炒饭,2,40.09,80.18,21.1
OI001926_3233,O001926,D0015,米饭,1,52.56,52.56,20.34
OI001927_3234,O001927,D0021,葱油饼,3,67.6,202.8,72.57
OI001927_3235,O001927,D0037,西米露,2,51.15,102.3,41.5
OI001927_3236,O001927,D0022,番茄蛋汤,3,54.77,164.31,70.59
OI001927_3237,O001927,D0035,蛋糕,2,31.88,63.76,24.08
OI001927_3238,O001927,D0032,咖啡,1,8.26,8.26,3.26
OI001928_3239,O001928,D0005,糖醋排骨,2,17.99,35.98,15.64
OI001928_3240,O001928,D0018,包子,2,78.11,156.22,48.88
OI001928_3241,O001928,D0010,口水鸡,3,21.01,63.03,20.25
OI001928_3242,O001928,D0027,豆腐汤,2,38.78,77.56,28.64
OI001928_3243,O001928,D0019,饺子,1,47.94,47.94,20.47
OI001929_3244,O001929,D0024,酸辣汤,1,48.76,48.76,13.08
OI001929_3245,O001929,D0025,排骨汤,3,76.89,230.67,64.71
OI001930_3246,O001930,D0002,鱼香肉丝,1,41.81,41.81,12.78
OI001930_3247,O001930,D0012,拍黄瓜,2,13.71,27.42,10.34
OI001930_3248,O001930,D0006,水煮鱼,1,31.45,31.45,11.82
OI001930_3249,O001930,D0014,蒜泥白肉,3,29.6,88.8,38.64
OI001930_3250,O001930,D0010,口水鸡,2,21.01,42.02,13.5
OI001930_3251,O001930,D0031,奶茶,2,16.92,33.84,11.4
OI001931_3252,O001931,D0034,冰淇淋,3,48.61,145.83,39.57
OI001931_3253,O001931,D0010,口水鸡,3,21.01,63.03,20.25
OI001932_3254,O001932,D0008,小炒黄牛肉,3,86.82,260.46,109.68
OI001933_3255,O001933,D0039,红豆沙,1,9.56,9.56,4.17
OI001933_3256,O001933,D0006,水煮鱼,3,31.45,94.35,35.46
OI001934_3257,O001934,D0021,葱油饼,2,67.6,135.2,48.38
OI001934_3258,O001934,D0005,糖醋排骨,2,17.99,35.98,15.64
OI001934_3259,O001934,D0037,西米露,3,51.15,153.45,62.25
OI001934_3260,O001934,D0016,面条,2,26.32,52.64,13.5
OI001935_3261,O001935,D0034,冰淇淋,1,48.61,48.61,13.19
OI001935_3262,O001935,D0002,鱼香肉丝,1,41.81,41.81,12.78
OI001935_3263,O001935,D0022,番茄蛋汤,2,54.77,109.54,47.06
OI001935_3264,O001935,D0032,咖啡,2,8.26,16.52,6.52
OI001936_3265,O001936,D0026,鸡汤,1,71.37,71.37,23.87
OI001936_3266,O001936,D0009,凉拌黄瓜,3,30.24,90.72,34.2
OI001936_3267,O001936,D0010,口水鸡,1,21.01,21.01,6.75
OI001936_3268,O001936,D0007,回锅肉,3,23.38,70.14,18.51
OI001936_3269,O001936,D0032,咖啡,2,8.26,16.52,6.52
OI001937_3270,O001937,D0031,奶茶,3,16.92,50.76,17.1
OI001937_3271,O001937,D0028,可乐,2,50.33,100.66,44.72
OI001937_3272,O001937,D0008,小炒黄牛肉,1,86.82,86.82,36.56
OI001937_3273,O001937,D0007,回锅肉,1,23.38,23.38,6.17
OI001937_3274,O001937,D0030,橙汁,1,68.07,68.07,27.48
OI001938_3275,O001938,D0032,咖啡,2,8.26,16.52,6.52
OI001938_3276,O001938,D0034,冰淇淋,3,48.61,145.83,39.57
OI001938_3277,O001938,D0029,雪碧,1,62.42,62.42,17.04
OI001938_3278,O001938,D0013,凉拌木耳,2,66.33,132.66,37.5
OI001938_3279,O001938,D0025,排骨汤,3,76.89,230.67,64.71
OI001939_3280,O001939,D0032,咖啡,2,8.26,16.52,6.52
OI001940_3281,O001940,D0016,面条,1,26.32,26.32,6.75
OI001940_3282,O001940,D0023,紫菜蛋花汤,3,36.96,110.88,49.83
OI001940_3283,O001940,D0013,凉拌木耳,2,66.33,132.66,37.5
OI001940_3284,O001940,D0036,布丁,2,23.91,47.82,15.54
OI001940_3285,O001940,D0026,鸡汤,3,71.37,214.11,71.61
OI001941_3286,O001941,D0031,奶茶,2,16.92,33.84,11.4
OI001941_3287,O001941,D0001,宫保鸡丁,1,72.75,72.75,18.28
OI001942_3288,O001942,D0003,麻婆豆腐,1,16.18,16.18,5.27
OI001942_3289,O001942,D0013,凉拌木耳,3,66.33,198.99,56.25
OI001942_3290,O001942,D0020,馒头,3,44.71,134.13,40.65
OI001942_3291,O001942,D0012,拍黄瓜,2,13.71,27.42,10.34
OI001942_3292,O001942,D0022,番茄蛋汤,3,54.77,164.31,70.59
OI001943_3293,O001943,D0036,布丁,2,23.91,47.82,15.54
OI001943_3294,O001943,D0014,蒜泥白肉,3,29.6,88.8,38.64
OI001944_3295,O001944,D0013,凉拌木耳,3,66.33,198.99,56.25
OI001944_3296,O001944,D0016,面条,2,26.32,52.64,13.5
OI001944_3297,O001944,D0010,口水鸡,2,21.01,42.02,13.5
OI001944_3298,O001944,D0004,红烧肉,2,56.3,112.6,46.32
OI001945_3299,O001945,D0009,凉拌黄瓜,3,30.24,90.72,34.2
OI001945_3300,O001945,D0037,西米露,1,51.15,51.15,20.75
OI001945_3301,O001945,D0013,凉拌木耳,3,66.33,198.99,56.25
OI001945_3302,O001945,D0032,咖啡,2,8.26,16.52,6.52
OI001945_3303,O001945,D0019,饺子,3,47.94,143.82,61.41
OI001946_3304,O001946,D0017,炒饭,2,40.09,80.18,21.1
OI001946_3305,O001946,D0011,夫妻肺片,3,29.36,88.08,38.52
OI001946_3306,O001946,D0012,拍黄瓜,3,13.71,41.13,15.51
OI001946_3307,O001946,D0009,凉拌黄瓜,3,30.24,90.72,34.2
OI001946_3308,O001946,D0027,豆腐汤,1,38.78,38.78,14.32
OI001946_3309,O001946,D0007,回锅肉,3,23.38,70.14,18.51
OI001947_3310,O001947,D0009,凉拌黄瓜,3,30.24,90.72,34.2
OI001948_3311,O001948,D0024,酸辣汤,3,48.76,146.28,39.24
OI001948_3312,O001948,D0006,水煮鱼,1,31.45,31.45,11.82
OI001949_3313,O001949,D0003,麻婆豆腐,2,16.18,32.36,10.54
OI001949_3314,O001949,D0032,咖啡,1,8.26,8.26,3.26
OI001949_3315,O001949,D0035,蛋糕,1,31.88,31.88,12.04
OI001950_3316,O001950,D0003,麻婆豆腐,3,16.18,48.54,15.81
OI001950_3317,O001950,D0008,小炒黄牛肉,2,86.82,173.64,73.12
OI001950_3318,O001950,D0019,饺子,1,47.94,47.94,20.47
OI001950_3319,O001950,D0024,酸辣汤,3,48.76,146.28,39.24
OI001950_3320,O001950,D0013,凉拌木耳,3,66.33,198.99,56.25
OI001950_3321,O001950,D0021,葱油饼,2,67.6,135.2,48.38
OI001951_3322,O001951,D0024,酸辣汤,2,48.76,97.52,26.16
OI001951_3323,O001951,D0034,冰淇淋,3,48.61,145.83,39.57
OI001951_3324,O001951,D0021,葱油饼,1,67.6,67.6,24.19
OI001951_3325,O001951,D0020,馒头,3,44.71,134.13,40.65
OI001952_3326,O001952,D0008,小炒黄牛肉,2,86.82,173.64,73.12
OI001952_3327,O001952,D0011,夫妻肺片,1,29.36,29.36,12.84
OI001953_3328,O001953,D0032,咖啡,2,8.26,16.52,6.52
OI001953_3329,O001953,D0011,夫妻肺片,2,29.36,58.72,25.68
OI001953_3330,O001953,D0016,面条,3,26.32,78.96,20.25
OI001953_3331,O001953,D0018,包子,2,78.11,156.22,48.88
OI001953_3332,O001953,D0027,豆腐汤,1,38.78,38.78,14.32
OI001954_3333,O001954,D0015,米饭,2,52.56,105.12,40.68
OI001954_3334,O001954,D0004,红烧肉,1,56.3,56.3,23.16
OI001954_3335,O001954,D0034,冰淇淋,1,48.61,48.61,13.19
OI001954_3336,O001954,D0019,饺子,1,47.94,47.94,20.47
OI001955_3337,O001955,D0025,排骨汤,2,76.89,153.78,43.14
OI001955_3338,O001955,D0014,蒜泥白肉,3,29.6,88.8,38.64
OI001955_3339,O001955,D0016,面条,1,26.32,26.32,6.75
OI001956_3340,O001956,D0022,番茄蛋汤,2,54.77,109.54,47.06
OI001956_3341,O001956,D0017,炒饭,2,40.09,80.18,21.1
OI001957_3342,O001957,D0028,可乐,1,50.33,50.33,22.36
OI001957_3343,O001957,D0020,馒头,1,44.71,44.71,13.55
OI001957_3344,O001957,D0002,鱼香肉丝,1,41.81,41.81,12.78
OI001957_3345,O001957,D0022,番茄蛋汤,3,54.77,164.31,70.59
OI001957_3346,O001957,D0017,炒饭,1,40.09,40.09,10.55
OI001958_3347,O001958,D0007,回锅肉,1,23.38,23.38,6.17
OI001958_3348,O001958,D0033,柠檬水,1,29.07,29.07,10.18
OI001958_3349,O001958,D0021,葱油饼,3,67.6,202.8,72.57
OI001958_3350,O001958,D0019,饺子,2,47.94,95.88,40.94
OI001958_3351,O001958,D0034,冰淇淋,1,48.61,48.61,13.19
OI001959_3352,O001959,D0022,番茄蛋汤,2,54.77,109.54,47.06
OI001959_3353,O001959,D0005,糖醋排骨,1,17.99,17.99,7.82
OI001959_3354,O001959,D0029,雪碧,1,62.42,62.42,17.04
OI001960_3355,O001960,D0033,柠檬水,1,29.07,29.07,10.18
OI001960_3356,O001960,D0004,红烧肉,1,56.3,56.3,23.16
OI001960_3357,O001960,D0014,蒜泥白肉,3,29.6,88.8,38.64
OI001960_3358,O001960,D0022,番茄蛋汤,1,54.77,54.77,23.53
OI001960_3359,O001960,D0016,面条,3,26.32,78.96,20.25
OI001961_3360,O001961,D0003,麻婆豆腐,3,16.18,48.54,15.81
OI001961_3361,O001961,D0025,排骨汤,2,76.89,153.78,43.14
OI001961_3362,O001961,D0024,酸辣汤,2,48.76,97.52,26.16
OI001961_3363,O001961,D0021,葱油饼,3,67.6,202.8,72.57
OI001961_3364,O001961,D0022,番茄蛋汤,1,54.77,54.77,23.53
OI001961_3365,O001961,D0031,奶茶,3,16.92,50.76,17.1
OI001962_3366,O001962,D0016,面条,2,26.32,52.64,13.5
OI001962_3367,O001962,D0004,红烧肉,1,56.3,56.3,23.16
OI001962_3368,O001962,D0011,夫妻肺片,1,29.36,29.36,12.84
OI001962_3369,O001962,D0017,炒饭,2,40.09,80.18,21.1
OI001962_3370,O001962,D0036,布丁,3,23.91,71.73,23.31
OI001963_3371,O001963,D0031,奶茶,2,16.92,33.84,11.4
OI001964_3372,O001964,D0004,红烧肉,2,56.3,112.6,46.32
OI001964_3373,O001964,D0012,拍黄瓜,3,13.71,41.13,15.51
OI001964_3374,O001964,D0031,奶茶,2,16.92,33.84,11.4
OI001964_3375,O001964,D0020,馒头,2,44.71,89.42,27.1
OI001965_3376,O001965,D0017,炒饭,1,40.09,40.09,10.55
OI001965_3377,O001965,D0025,排骨汤,1,76.89,76.89,21.57
OI001966_3378,O001966,D0017,炒饭,3,40.09,120.27,31.65
OI001966_3379,O001966,D0007,回锅肉,2,23.38,46.76,12.34
OI001966_3380,O001966,D0032,咖啡,1,8.26,8.26,3.26
OI001967_3381,O001967,D0032,咖啡,2,8.26,16.52,6.52
OI001967_3382,O001967,D0039,红豆沙,1,9.56,9.56,4.17
OI001967_3383,O001967,D0035,蛋糕,1,31.88,31.88,12.04
OI001967_3384,O001967,D0031,奶茶,1,16.92,16.92,5.7
OI001967_3385,O001967,D0037,西米露,2,51.15,102.3,41.5
OI001968_3386,O001968,D0013,凉拌木耳,3,66.33,198.99,56.25
OI001968_3387,O001968,D0014,蒜泥白肉,1,29.6,29.6,12.88
OI001968_3388,O001968,D0023,紫菜蛋花汤,2,36.96,73.92,33.22
OI001968_3389,O001968,D0017,炒饭,3,40.09,120.27,31.65
OI001968_3390,O001968,D0031,奶茶,3,16.92,50.76,17.1
OI001969_3391,O001969,D0011,夫妻肺片,1,29.36,29.36,12.84
OI001969_3392,O001969,D0016,面条,2,26.32,52.64,13.5
OI001969_3393,O001969,D0003,麻婆豆腐,2,16.18,32.36,10.54
OI001969_3394,O001969,D0026,鸡汤,3,71.37,214.11,71.61
OI001969_3395,O001969,D0037,西米露,3,51.15,153.45,62.25
OI001969_3396,O001969,D0015,米饭,3,52.56,157.68,61.02
OI001970_3397,O001970,D0020,馒头,1,44.71,44.71,13.55
OI001970_3398,O001970,D0017,炒饭,2,40.09,80.18,21.1
OI001970_3399,O001970,D0011,夫妻肺片,2,29.36,58.72,25.68
OI001971_3400,O001971,D0022,番茄蛋汤,2,54.77,109.54,47.06
OI001971_3401,O001971,D0030,橙汁,2,68.07,136.14,54.96
OI001971_3402,O001971,D0010,口水鸡,3,21.01,63.03,20.25
OI001971_3403,O001971,D0024,酸辣汤,1,48.76,48.76,13.08
OI001972_3404,O001972,D0031,奶茶,3,16.92,50.76,17.1
OI001973_3405,O001973,D0021,葱油饼,1,67.6,67.6,24.19
OI001973_3406,O001973,D0007,回锅肉,1,23.38,23.38,6.17
OI001973_3407,O001973,D0034,冰淇淋,3,48.61,145.83,39.57
OI001973_3408,O001973,D0033,柠檬水,1,29.07,29.07,10.18
OI001973_3409,O001973,D0011,夫妻肺片,2,29.36,58.72,25.68
OI001973_3410,O001973,D0009,凉拌黄瓜,1,30.24,30.24,11.4
OI001974_3411,O001974,D0034,冰淇淋,2,48.61,97.22,26.38
OI001974_3412,O001974,D0010,口水鸡,2,21.01,42.02,13.5
OI001974_3413,O001974,D0007,回锅肉,3,23.38,70.14,18.51
OI001974_3414,O001974,D0024,酸辣汤,3,48.76,146.28,39.24
OI001974_3415,O001974,D0029,雪碧,1,62.42,62.42,17.04
OI001974_3416,O001974,D0030,橙汁,2,68.07,136.14,54.96
OI001975_3417,O001975,D0011,夫妻肺片,3,29.36,88.08,38.52
OI001975_3418,O001975,D0012,拍黄瓜,2,13.71,27.42,10.34
OI001976_3419,O001976,D0017,炒饭,2,40.09,80.18,21.1
OI001977_3420,O001977,D0004,红烧肉,2,56.3,112.6,46.32
OI001977_3421,O001977,D0036,布丁,3,23.91,71.73,23.31
OI001977_3422,O001977,D0018,包子,1,78.11,78.11,24.44
OI001977_3423,O001977,D0029,雪碧,2,62.42,124.84,34.08
OI001977_3424,O001977,D0003,麻婆豆腐,2,16.18,32.36,10.54
OI001978_3425,O001978,D0034,冰淇淋,2,48.61,97.22,26.38
OI001978_3426,O001978,D0001,宫保鸡丁,3,72.75,218.25,54.84
OI001978_3427,O001978,D0020,馒头,1,44.71,44.71,13.55
OI001978_3428,O001978,D0039,红豆沙,2,9.56,19.12,8.34
OI001978_3429,O001978,D0032,咖啡,3,8.26,24.78,9.78
OI001978_3430,O001978,D0005,糖醋排骨,1,17.99,17.99,7.82
OI001979_3431,O001979,D0026,鸡汤,1,71.37,71.37,23.87
OI001979_3432,O001979,D0038,双皮奶,3,81.48,244.44,90.39
OI001979_3433,O001979,D0002,鱼香肉丝,3,41.81,125.43,38.34
OI001979_3434,O001979,D0008,小炒黄牛肉,2,86.82,173.64,73.12
OI001980_3435,O001980,D0030,橙汁,3,68.07,204.21,82.44
OI001980_3436,O001980,D0028,可乐,2,50.33,100.66,44.72
OI001980_3437,O001980,D0004,红烧肉,3,56.3,168.9,69.48
OI001981_3438,O001981,D0003,麻婆豆腐,3,16.18,48.54,15.81
OI001981_3439,O001981,D0021,葱油饼,1,67.6,67.6,24.19
OI001981_3440,O001981,D0002,鱼香肉丝,1,41.81,41.81,12.78
OI001982_3441,O001982,D0011,夫妻肺片,1,29.36,29.36,12.84
OI001982_3442,O001982,D0026,鸡汤,1,71.37,71.37,23.87
OI001983_3443,O001983,D0011,夫妻肺片,3,29.36,88.08,38.52
OI001983_3444,O001983,D0015,米饭,2,52.56,105.12,40.68
OI001983_3445,O001983,D0028,可乐,3,50.33,150.99,67.08
OI001983_3446,O001983,D0035,蛋糕,1,31.88,31.88,12.04
OI001984_3447,O001984,D0036,布丁,1,23.91,23.91,7.77
OI001985_3448,O001985,D0010,口水鸡,2,21.01,42.02,13.5
OI001985_3449,O001985,D0011,夫妻肺片,1,29.36,29.36,12.84
OI001986_3450,O001986,D0008,小炒黄牛肉,1,86.82,86.82,36.56
OI001986_3451,O001986,D0035,蛋糕,3,31.88,95.64,36.12
OI001986_3452,O001986,D0013,凉拌木耳,1,66.33,66.33,18.75
OI001986_3453,O001986,D0025,排骨汤,1,76.89,76.89,21.57
OI001987_3454,O001987,D0037,西米露,1,51.15,51.15,20.75
OI001988_3455,O001988,D0014,蒜泥白肉,3,29.6,88.8,38.64
OI001988_3456,O001988,D0016,面条,2,26.32,52.64,13.5
OI001988_3457,O001988,D0005,糖醋排骨,1,17.99,17.99,7.82
OI001988_3458,O001988,D0004,红烧肉,2,56.3,112.6,46.32
OI001988_3459,O001988,D0012,拍黄瓜,2,13.71,27.42,10.34
OI001989_3460,O001989,D0012,拍黄瓜,1,13.71,13.71,5.17
OI001989_3461,O001989,D0008,小炒黄牛肉,1,86.82,86.82,36.56
OI001990_3462,O001990,D0008,小炒黄牛肉,1,86.82,86.82,36.56
OI001990_3463,O001990,D0004,红烧肉,3,56.3,168.9,69.48
OI001990_3464,O001990,D0031,奶茶,3,16.92,50.76,17.1
OI001990_3465,O001990,D0014,蒜泥白肉,1,29.6,29.6,12.88
OI001991_3466,O001991,D0010,口水鸡,2,21.01,42.02,13.5
OI001991_3467,O001991,D0023,紫菜蛋花汤,3,36.96,110.88,49.83
OI001991_3468,O001991,D0016,面条,2,26.32,52.64,13.5
OI001991_3469,O001991,D0024,酸辣汤,2,48.76,97.52,26.16
OI001992_3470,O001992,D0034,冰淇淋,3,48.61,145.83,39.57
OI001993_3471,O001993,D0026,鸡汤,2,71.37,142.74,47.74
OI001993_3472,O001993,D0024,酸辣汤,2,48.76,97.52,26.16
OI001993_3473,O001993,D0027,豆腐汤,2,38.78,77.56,28.64
OI001993_3474,O001993,D0011,夫妻肺片,1,29.36,29.36,12.84
OI001994_3475,O001994,D0011,夫妻肺片,1,29.36,29.36,12.84
OI001994_3476,O001994,D0026,鸡汤,2,71.37,142.74,47.74
OI001994_3477,O001994,D0028,可乐,2,50.33,100.66,44.72
OI001994_3478,O001994,D0008,小炒黄牛肉,1,86.82,86.82,36.56
OI001994_3479,O001994,D0014,蒜泥白肉,2,29.6,59.2,25.76
OI001994_3480,O001994,D0021,葱油饼,3,67.6,202.8,72.57
OI001995_3481,O001995,D0010,口水鸡,1,21.01,21.01,6.75
OI001995_3482,O001995,D0024,酸辣汤,2,48.76,97.52,26.16
OI001996_3483,O001996,D0022,番茄蛋汤,2,54.77,109.54,47.06
OI001996_3484,O001996,D0031,奶茶,2,16.92,33.84,11.4
OI001996_3485,O001996,D0037,西米露,1,51.15,51.15,20.75
OI001996_3486,O001996,D0025,排骨汤,2,76.89,153.78,43.14
OI001997_3487,O001997,D0007,回锅肉,3,23.38,70.14,18.51
OI001997_3488,O001997,D0037,西米露,2,51.15,102.3,41.5
OI001998_3489,O001998,D0035,蛋糕,2,31.88,63.76,24.08
OI001998_3490,O001998,D0020,馒头,3,44.71,134.13,40.65
OI001998_3491,O001998,D0013,凉拌木耳,1,66.33,66.33,18.75
OI001998_3492,O001998,D0034,冰淇淋,3,48.61,145.83,39.57
OI001998_3493,O001998,D0019,饺子,1,47.94,47.94,20.47
OI001999_3494,O001999,D0037,西米露,1,51.15,51.15,20.75
OI001999_3495,O001999,D0003,麻婆豆腐,1,16.18,16.18,5.27
OI001999_3496,O001999,D0016,面条,2,26.32,52.64,13.5
OI001999_3497,O001999,D0019,饺子,2,47.94,95.88,40.94
